reference_timestamp,ths200m0,th9120mv,rhs150m0,rh9120mv,shs000m0,sh9120mv
01.02.1914 00:00,3.2,0.9,23.8,59,6106.0,78.0
01.03.1914 00:00,4.4,-2.8,144.8,392,6244.0,55.0
01.04.1914 00:00,11.1,-0.2,29.5,88,12246.0,97.0
01.05.1914 00:00,11.5,-3.8,90.3,174,11293.0,82.0
01.06.1914 00:00,15.1,-3.9,33.4,69,13697.0,90.0
01.07.1914 00:00,16.3,-4.3,93.3,151,13712.0,84.0
01.08.1914 00:00,16.8,-3.1,99.1,166,15902.0,106.0
01.09.1914 00:00,12.8,-2.9,44.3,118,12978.0,104.0
01.10.1914 00:00,8.1,-2.6,42.9,100,9490.0,99.0
01.11.1914 00:00,2.4,-2.6,60.3,120,6333.0,110.0
01.12.1914 00:00,1.7,0.8,36.9,55,3761.0,92.0
01.01.1915 00:00,-1.7,-2.2,70.0,135,3772.0,67.0
01.02.1915 00:00,0.4,-1.9,17.3,43,5989.0,76.0
01.03.1915 00:00,4.4,-2.8,25.9,70,9053.0,80.0
01.04.1915 00:00,7.5,-3.8,57.0,169,11043.0,88.0
01.05.1915 00:00,15.5,0.2,15.6,30,13454.0,98.0
01.06.1915 00:00,18.0,-1.0,27.2,56,12190.0,80.0
01.07.1915 00:00,16.7,-3.9,89.4,144,14085.0,87.0
01.08.1915 00:00,16.1,-3.8,40.6,68,17889.0,119.0
01.09.1915 00:00,12.0,-3.7,40.5,108,13156.0,106.0
01.10.1915 00:00,6.7,-4.0,4.6,11,7707.0,80.0
01.11.1915 00:00,0.6,-4.4,40.7,81,4639.0,81.0
01.12.1915 00:00,2.5,1.6,94.2,139,2407.0,59.0
01.01.1916 00:00,0.7,0.2,30.4,59,6252.0,112.0
01.02.1916 00:00,1.7,-0.6,97.6,242,3729.0,48.0
01.03.1916 00:00,5.2,-2.0,37.1,101,5987.0,53.0
01.04.1916 00:00,9.1,-2.2,50.3,149,12252.0,97.0
01.05.1916 00:00,14.0,-1.3,45.8,88,13837.0,101.0
01.06.1916 00:00,14.4,-4.6,67.1,139,13325.0,87.0
01.07.1916 00:00,17.0,-3.6,32.8,53,14144.0,87.0
01.08.1916 00:00,16.6,-3.3,44.3,74,15060.0,101.0
01.09.1916 00:00,11.9,-3.8,20.4,54,11130.0,89.0
01.10.1916 00:00,8.6,-2.1,35.8,84,9054.0,95.0
01.11.1916 00:00,3.2,-1.8,34.9,69,4651.0,81.0
01.12.1916 00:00,-0.5,-1.4,114.7,169,2038.0,50.0
01.01.1917 00:00,-3.4,-3.9,26.3,51,4052.0,72.0
01.02.1917 00:00,-1.9,-4.2,1.9,5,8419.0,107.0
01.03.1917 00:00,2.5,-4.7,33.5,91,7348.0,65.0
01.04.1917 00:00,6.1,-5.2,21.4,64,11758.0,93.0
01.05.1917 00:00,15.8,0.5,25.3,49,11535.0,84.0
01.06.1917 00:00,18.2,-0.8,50.1,104,16947.0,111.0
01.07.1917 00:00,17.6,-3.0,79.7,129,15166.0,93.0
01.08.1917 00:00,16.1,-3.8,70.3,118,15626.0,104.0
01.09.1917 00:00,15.7,0.0,21.0,56,14812.0,119.0
01.10.1917 00:00,6.4,-4.3,108.1,253,7694.0,80.0
01.11.1917 00:00,1.4,-3.6,45.2,90,6470.0,113.0
01.12.1917 00:00,-2.6,-3.5,3.7,5,3531.0,86.0
01.01.1918 00:00,-0.9,-1.4,49.8,96,5318.0,95.0
01.02.1918 00:00,1.3,-1.0,2.0,5,8903.0,113.0
01.03.1918 00:00,4.4,-2.8,41.1,111,12582.0,112.0
01.04.1918 00:00,9.1,-2.2,22.7,67,8373.0,66.0
01.05.1918 00:00,15.3,0.0,9.7,19,17138.0,125.0
01.06.1918 00:00,14.7,-4.3,85.7,178,14460.0,95.0
01.07.1918 00:00,18.1,-2.5,21.8,35,18263.0,112.0
01.08.1918 00:00,17.3,-2.6,53.3,89,17377.0,116.0
01.09.1918 00:00,13.6,-2.1,100.6,268,9826.0,79.0
01.10.1918 00:00,7.0,-3.7,25.2,59,8617.0,90.0
01.11.1918 00:00,3.3,-1.7,37.4,74,6538.0,114.0
01.12.1918 00:00,0.5,-0.4,210.6,311,3271.0,80.0
01.01.1919 00:00,-0.9,-1.4,36.3,70,5941.0,106.0
01.02.1919 00:00,0.0,-2.3,78.7,195,6269.0,80.0
01.03.1919 00:00,4.6,-2.6,68.1,185,8514.0,75.0
01.04.1919 00:00,6.1,-5.2,42.0,125,10575.0,84.0
01.05.1919 00:00,13.8,-1.5,19.1,37,17259.0,125.0
01.06.1919 00:00,17.0,-2.0,45.5,94,16144.0,106.0
01.07.1919 00:00,15.4,-5.2,32.9,53,14629.0,90.0
01.08.1919 00:00,19.8,-0.1,12.4,21,19809.0,132.0
01.09.1919 00:00,15.8,0.1,14.5,39,15321.0,123.0
01.10.1919 00:00,5.4,-5.3,25.6,60,7875.0,82.0
01.11.1919 00:00,1.4,-3.6,90.3,179,2614.0,46.0
01.12.1919 00:00,-0.2,-1.1,139.2,206,2657.0,65.0
01.01.1920 00:00,1.9,1.4,67.6,131,4504.0,80.0
01.02.1920 00:00,3.5,1.2,2.6,6,9555.0,122.0
01.03.1920 00:00,7.1,-0.1,41.0,111,10520.0,93.0
01.04.1920 00:00,9.8,-1.5,29.1,86,9493.0,75.0
01.05.1920 00:00,16.2,0.9,26.9,52,14239.0,104.0
01.06.1920 00:00,16.5,-2.5,43.6,90,14317.0,94.0
01.07.1920 00:00,18.7,-1.9,37.4,60,16947.0,104.0
01.08.1920 00:00,16.6,-3.3,35.5,60,16576.0,111.0
01.09.1920 00:00,14.3,-1.4,77.0,205,9832.0,79.0
01.10.1920 00:00,9.9,-0.8,2.6,6,6927.0,72.0
01.11.1920 00:00,4.7,-0.3,0.1,0,7042.0,123.0
01.12.1920 00:00,-1.3,-2.2,16.5,24,2897.0,71.0
01.01.1921 00:00,2.0,1.5,19.8,38,5298.0,94.0
01.02.1921 00:00,1.1,-1.2,8.5,21,9363.0,119.0
01.03.1921 00:00,6.8,-0.4,9.8,27,12739.0,113.0
01.04.1921 00:00,8.6,-2.7,14.4,43,11784.0,94.0
01.05.1921 00:00,15.1,-0.2,27.9,54,11951.0,87.0
01.06.1921 00:00,17.9,-1.1,19.0,39,17234.0,113.0
01.07.1921 00:00,21.1,0.5,8.0,13,19343.0,119.0
01.08.1921 00:00,18.0,-1.9,60.9,102,16037.0,107.0
01.09.1921 00:00,15.8,0.1,34.9,93,14712.0,118.0
01.10.1921 00:00,11.4,0.7,5.9,14,13718.0,143.0
01.11.1921 00:00,1.2,-3.8,22.2,44,7704.0,134.0
01.12.1921 00:00,-0.5,-1.4,11.9,18,3791.0,92.0
01.01.1922 00:00,-1.9,-2.4,130.1,251,3186.0,57.0
01.02.1922 00:00,1.1,-1.2,52.4,130,5430.0,69.0
01.03.1922 00:00,5.9,-1.3,41.2,112,7730.0,69.0
01.04.1922 00:00,6.3,-5.0,167.8,498,6164.0,49.0
01.05.1922 00:00,15.9,0.6,16.5,32,17621.0,128.0
01.06.1922 00:00,17.1,-1.9,47.0,98,14721.0,97.0
01.07.1922 00:00,16.7,-3.9,82.9,134,14884.0,91.0
01.08.1922 00:00,16.8,-3.1,85.8,144,15417.0,103.0
01.09.1922 00:00,11.3,-4.4,51.0,136,9336.0,75.0
01.10.1922 00:00,7.4,-3.3,43.8,102,5680.0,59.0
01.11.1922 00:00,1.0,-4.0,100.4,199,6447.0,112.0
01.12.1922 00:00,-1.5,-2.4,69.0,102,4290.0,105.0
01.01.1923 00:00,-3.4,-3.9,13.5,26,4685.0,84.0
01.02.1923 00:00,1.9,-0.4,48.9,121,3892.0,50.0
01.03.1923 00:00,5.6,-1.6,17.6,48,10313.0,91.0
01.04.1923 00:00,9.7,-1.6,15.7,47,9923.0,79.0
01.05.1923 00:00,13.3,-2.0,66.4,128,14843.0,108.0
01.06.1923 00:00,13.9,-5.1,16.6,34,12124.0,79.0
01.07.1923 00:00,20.9,0.3,27.2,44,17962.0,110.0
01.08.1923 00:00,18.4,-1.5,39.9,67,18758.0,125.0
01.09.1923 00:00,13.4,-2.3,27.6,73,12567.0,101.0
01.10.1923 00:00,10.0,-0.7,93.7,219,7239.0,76.0
01.11.1923 00:00,3.9,-1.1,62.7,124,4393.0,77.0
01.12.1923 00:00,-1.1,-2.0,173.5,256,2437.0,59.0
01.01.1924 00:00,-1.8,-2.3,13.9,27,5090.0,91.0
01.02.1924 00:00,-1.2,-3.5,4.4,11,8180.0,104.0
01.03.1924 00:00,5.1,-2.1,23.2,63,11103.0,98.0
01.04.1924 00:00,9.2,-2.1,60.9,181,10493.0,83.0
01.05.1924 00:00,14.2,-1.1,64.0,123,12233.0,89.0
01.06.1924 00:00,16.6,-2.4,46.0,95,15252.0,100.0
01.07.1924 00:00,18.0,-2.6,33.8,55,15267.0,94.0
01.08.1924 00:00,14.5,-5.4,52.6,88,12081.0,81.0
01.09.1924 00:00,13.8,-1.9,50.5,134,12320.0,99.0
01.10.1924 00:00,8.5,-2.2,91.7,214,10308.0,108.0
01.11.1924 00:00,3.9,-1.1,14.4,29,8065.0,141.0
01.12.1924 00:00,-0.1,-1.0,8.8,13,6993.0,170.0
01.01.1925 00:00,0.8,0.3,7.2,14,7310.0,130.0
01.02.1925 00:00,2.6,0.3,32.6,81,7167.0,91.0
01.03.1925 00:00,2.7,-4.5,2.9,8,9458.0,84.0
01.04.1925 00:00,9.3,-2.0,43.5,129,8251.0,65.0
01.05.1925 00:00,13.5,-1.8,25.9,50,12357.0,90.0
01.06.1925 00:00,18.2,-0.8,13.2,27,18985.0,124.0
01.07.1925 00:00,17.8,-2.8,40.8,66,14425.0,89.0
01.08.1925 00:00,16.7,-3.2,67.4,113,15253.0,102.0
01.09.1925 00:00,11.6,-4.1,56.0,149,11912.0,96.0
01.10.1925 00:00,9.5,-1.2,10.0,23,11177.0,117.0
01.11.1925 00:00,1.4,-3.6,42.6,85,4352.0,76.0
01.12.1925 00:00,-2.3,-3.2,144.8,214,4198.0,102.0
01.01.1926 00:00,-0.4,-0.9,63.6,123,5091.0,91.0
01.02.1926 00:00,5.5,3.2,42.6,105,6102.0,78.0
01.03.1926 00:00,5.9,-1.3,47.2,128,9858.0,87.0
01.04.1926 00:00,9.9,-1.4,59.8,177,12379.0,98.0
01.05.1926 00:00,11.8,-3.5,104.2,200,10918.0,79.0
01.06.1926 00:00,14.3,-4.7,46.6,97,11220.0,74.0
01.07.1926 00:00,17.5,-3.1,40.5,65,13295.0,82.0
01.08.1926 00:00,17.6,-2.3,43.5,73,19203.0,128.0
01.09.1926 00:00,15.9,0.2,41.4,110,15372.0,123.0
01.10.1926 00:00,9.0,-1.7,92.4,216,7737.0,81.0
01.11.1926 00:00,6.2,1.2,47.8,95,5889.0,103.0
01.12.1926 00:00,-2.6,-3.5,15.4,23,6194.0,151.0
01.01.1927 00:00,-0.7,-1.2,23.8,46,4206.0,75.0
01.02.1927 00:00,0.3,-2.0,34.7,86,7831.0,100.0
01.03.1927 00:00,5.6,-1.6,59.4,161,7445.0,66.0
01.04.1927 00:00,9.5,-1.8,65.2,193,10677.0,85.0
01.05.1927 00:00,15.2,-0.1,12.2,23,16093.0,117.0
01.06.1927 00:00,16.1,-2.9,78.0,162,14093.0,92.0
01.07.1927 00:00,17.9,-2.7,83.3,135,13863.0,85.0
01.08.1927 00:00,16.2,-3.7,112.0,188,13152.0,88.0
01.09.1927 00:00,13.3,-2.4,77.9,207,8225.0,66.0
01.10.1927 00:00,8.5,-2.2,14.0,33,11691.0,122.0
01.11.1927 00:00,4.1,-0.9,21.3,42,5121.0,89.0
01.12.1927 00:00,-0.3,-1.2,39.7,59,3197.0,78.0
01.01.1928 00:00,0.0,-0.5,36.8,71,5427.0,97.0
01.02.1928 00:00,2.5,0.2,84.7,210,8952.0,114.0
01.03.1928 00:00,6.4,-0.8,17.7,48,7884.0,70.0
01.04.1928 00:00,9.2,-2.1,51.5,153,9741.0,77.0
01.05.1928 00:00,11.7,-3.6,37.6,72,11797.0,86.0
01.06.1928 00:00,16.9,-2.1,41.3,86,14384.0,94.0
01.07.1928 00:00,21.8,1.2,12.3,20,22048.0,135.0
01.08.1928 00:00,19.3,-0.6,63.2,106,15499.0,103.0
01.09.1928 00:00,13.9,-1.8,75.4,201,10373.0,83.0
01.10.1928 00:00,8.3,-2.4,91.1,213,8759.0,91.0
01.11.1928 00:00,4.4,-0.6,108.3,215,4098.0,72.0
01.12.1928 00:00,-1.9,-2.8,31.3,46,4495.0,110.0
01.01.1929 00:00,-4.5,-5.0,5.9,11,6311.0,113.0
01.02.1929 00:00,-4.1,-6.4,7.1,18,7831.0,100.0
01.03.1929 00:00,5.4,-1.8,6.6,18,15491.0,137.0
01.04.1929 00:00,6.9,-4.4,78.5,233,12133.0,96.0
01.05.1929 00:00,14.3,-1.0,25.9,50,15803.0,115.0
01.06.1929 00:00,17.3,-1.7,107.4,223,14960.0,98.0
01.07.1929 00:00,19.0,-1.6,49.2,79,16973.0,104.0
01.08.1929 00:00,17.4,-2.5,66.7,112,13943.0,93.0
01.09.1929 00:00,16.7,1.0,7.4,20,15807.0,127.0
01.10.1929 00:00,9.3,-1.4,48.8,114,7223.0,75.0
01.11.1929 00:00,4.3,-0.7,28.8,57,5889.0,103.0
01.12.1929 00:00,1.9,1.0,61.0,90,3896.0,95.0
01.01.1930 00:00,2.2,1.7,40.7,79,6198.0,111.0
01.02.1930 00:00,0.9,-1.4,11.8,29,7301.0,93.0
01.03.1930 00:00,6.2,-1.0,34.4,93,7845.0,70.0
01.04.1930 00:00,9.7,-1.6,49.9,148,9707.0,77.0
01.05.1930 00:00,12.1,-3.2,68.0,131,8912.0,65.0
01.06.1930 00:00,19.6,0.6,30.2,63,14384.0,94.0
01.07.1930 00:00,16.9,-3.7,89.7,145,13863.0,85.0
01.08.1930 00:00,17.3,-2.6,55.0,92,15253.0,102.0
01.09.1930 00:00,14.7,-1.0,52.4,139,9958.0,80.0
01.10.1930 00:00,7.9,-2.8,131.4,307,7223.0,75.0
01.11.1930 00:00,5.4,0.4,110.0,218,5505.0,96.0
01.12.1930 00:00,-0.3,-1.2,36.6,54,3298.0,80.0
01.01.1931 00:00,-1.8,-2.3,74.6,144,5223.0,93.0
01.02.1931 00:00,-1.7,-4.0,54.6,135,5988.0,76.0
01.03.1931 00:00,3.2,-4.0,70.4,191,8982.0,80.0
01.04.1931 00:00,8.7,-2.6,22.1,66,11182.0,89.0
01.05.1931 00:00,15.5,0.2,20.3,39,12608.0,92.0
01.06.1931 00:00,19.2,0.2,22.9,48,15538.0,102.0
01.07.1931 00:00,17.5,-3.1,59.8,97,13338.0,82.0
01.08.1931 00:00,15.2,-4.7,107.8,181,10429.0,70.0
01.09.1931 00:00,10.3,-5.4,42.1,112,11985.0,96.0
01.10.1931 00:00,8.8,-1.9,26.9,63,11501.0,120.0
01.11.1931 00:00,5.0,0.0,42.9,85,6153.0,107.0
01.12.1931 00:00,-2.5,-3.4,27.9,41,6499.0,158.0
01.01.1932 00:00,-0.2,-0.7,41.9,81,6171.0,110.0
01.02.1932 00:00,-2.8,-5.1,0.0,0,11934.0,152.0
01.03.1932 00:00,3.6,-3.6,77.3,209,7282.0,65.0
01.04.1932 00:00,7.5,-3.8,33.8,100,11464.0,91.0
01.05.1932 00:00,12.6,-2.7,93.0,179,11153.0,81.0
01.06.1932 00:00,16.2,-2.8,28.6,59,12495.0,82.0
01.07.1932 00:00,17.2,-3.4,81.3,131,10036.0,62.0
01.08.1932 00:00,19.6,-0.3,29.6,50,16614.0,111.0
01.09.1932 00:00,16.7,1.0,8.4,22,11667.0,94.0
01.10.1932 00:00,8.2,-2.5,83.2,194,6865.0,72.0
01.11.1932 00:00,4.0,-1.0,4.6,9,6479.0,113.0
01.12.1932 00:00,1.7,0.8,15.6,23,4810.0,117.0
01.01.1933 00:00,-2.5,-3.0,7.2,14,5759.0,103.0
01.02.1933 00:00,1.2,-1.1,41.1,102,5845.0,74.0
01.03.1933 00:00,5.8,-1.4,44.9,122,12267.0,109.0
01.04.1933 00:00,11.1,-0.2,12.5,37,15432.0,123.0
01.05.1933 00:00,13.1,-2.2,34.8,67,12161.0,88.0
01.06.1933 00:00,14.6,-4.4,58.3,121,10479.0,69.0
01.07.1933 00:00,19.4,-1.2,53.5,86,19968.0,123.0
01.08.1933 00:00,19.4,-0.5,28.7,48,19863.0,133.0
01.09.1933 00:00,15.4,-0.3,60.9,162,10260.0,82.0
01.10.1933 00:00,9.7,-1.0,48.4,113,7181.0,75.0
01.11.1933 00:00,3.4,-1.6,12.0,24,3425.0,60.0
01.12.1933 00:00,-4.9,-5.8,8.5,13,4705.0,115.0
01.01.1934 00:00,-2.3,-2.8,51.4,99,5734.0,102.0
01.02.1934 00:00,-0.1,-2.4,0.3,1,10410.0,133.0
01.03.1934 00:00,4.2,-3.0,47.3,128,7661.0,68.0
01.04.1934 00:00,11.8,0.5,38.2,113,14839.0,118.0
01.05.1934 00:00,15.9,0.6,16.4,32,16284.0,118.0
01.06.1934 00:00,17.3,-1.7,86.0,178,13041.0,86.0
01.07.1934 00:00,19.7,-0.9,37.4,60,15877.0,98.0
01.08.1934 00:00,16.8,-3.1,42.4,71,13239.0,88.0
01.09.1934 00:00,15.8,0.1,23.8,63,12750.0,102.0
01.10.1934 00:00,8.2,-2.5,35.3,82,11197.0,117.0
01.11.1934 00:00,3.2,-1.8,34.0,67,8420.0,147.0
01.12.1934 00:00,2.7,1.8,72.6,107,2800.0,68.0
01.01.1935 00:00,-3.6,-4.1,28.2,54,5524.0,99.0
01.02.1935 00:00,1.8,-0.5,120.7,299,3543.0,45.0
01.03.1935 00:00,5.2,-2.0,24.3,66,11064.0,98.0
01.04.1935 00:00,7.9,-3.4,79.7,236,6241.0,50.0
01.05.1935 00:00,12.7,-2.6,24.2,47,13213.0,96.0
01.06.1935 00:00,19.0,0.0,25.6,53,18350.0,120.0
01.07.1935 00:00,19.8,-0.8,36.4,59,21266.0,131.0
01.08.1935 00:00,16.9,-3.0,77.4,130,14651.0,98.0
01.09.1935 00:00,14.8,-0.9,64.3,171,14955.0,120.0
01.10.1935 00:00,9.2,-1.5,82.8,193,4932.0,51.0
01.11.1935 00:00,4.7,-0.3,44.5,88,4434.0,77.0
01.12.1935 00:00,-2.0,-2.9,139.6,206,1638.0,40.0
01.01.1936 00:00,3.0,2.5,97.4,188,2825.0,50.0
01.02.1936 00:00,1.6,-0.7,62.7,155,6840.0,87.0
01.03.1936 00:00,7.0,-0.2,12.5,34,9283.0,82.0
01.04.1936 00:00,8.3,-3.0,42.9,127,7822.0,62.0
01.05.1936 00:00,14.6,-0.7,25.0,48,14614.0,106.0
01.06.1936 00:00,16.4,-2.6,27.9,58,9830.0,64.0
01.07.1936 00:00,17.4,-3.2,60.8,98,12384.0,76.0
01.08.1936 00:00,17.4,-2.5,27.1,45,15522.0,104.0
01.09.1936 00:00,14.2,-1.5,103.7,276,8826.0,71.0
01.10.1936 00:00,5.7,-5.0,24.7,58,9224.0,96.0
01.11.1936 00:00,3.2,-1.8,50.5,100,5419.0,95.0
01.12.1936 00:00,0.4,-0.5,37.0,55,5835.0,142.0
01.01.1937 00:00,1.8,1.3,39.2,76,5209.0,93.0
01.02.1937 00:00,3.2,0.9,132.3,327,2702.0,34.0
01.03.1937 00:00,3.7,-3.5,59.2,160,6308.0,56.0
01.04.1937 00:00,9.7,-1.6,33.3,99,11339.0,90.0
01.05.1937 00:00,15.3,0.0,41.9,81,14231.0,103.0
01.06.1937 00:00,17.9,-1.1,40.1,83,14425.0,95.0
01.07.1937 00:00,19.4,-1.2,30.9,50,17212.0,106.0
01.08.1937 00:00,18.3,-1.6,43.9,74,13018.0,87.0
01.09.1937 00:00,13.8,-1.9,25.3,67,9708.0,78.0
01.10.1937 00:00,10.2,-0.5,18.9,44,7255.0,76.0
01.11.1937 00:00,3.3,-1.7,23.5,47,6496.0,113.0
01.12.1937 00:00,-2.6,-3.5,58.2,86,4131.0,101.0
01.01.1938 00:00,-1.1,-1.6,73.3,142,4007.0,71.0
01.02.1938 00:00,-0.4,-2.7,17.8,44,7996.0,102.0
01.03.1938 00:00,7.8,0.6,5.3,14,14524.0,129.0
01.04.1938 00:00,7.9,-3.4,2.9,9,15976.0,127.0
01.05.1938 00:00,12.5,-2.8,22.9,44,10642.0,77.0
01.06.1938 00:00,18.5,-0.5,63.7,132,16618.0,109.0
01.07.1938 00:00,18.3,-2.3,73.0,118,15252.0,94.0
01.08.1938 00:00,17.9,-2.0,66.6,112,13989.0,93.0
01.09.1938 00:00,14.8,-0.9,33.7,90,8753.0,70.0
01.10.1938 00:00,9.1,-1.6,31.5,74,9589.0,100.0
01.11.1938 00:00,5.3,0.3,45.0,89,7476.0,130.0
01.12.1938 00:00,-0.7,-1.6,26.5,39,2812.0,69.0
01.01.1939 00:00,0.2,-0.3,63.3,122,4152.0,74.0
01.02.1939 00:00,2.0,-0.3,3.2,8,8007.0,102.0
01.03.1939 00:00,2.2,-5.0,47.7,129,8531.0,76.0
01.04.1939 00:00,11.1,-0.2,18.7,55,10566.0,84.0
01.05.1939 00:00,11.5,-3.8,44.3,85,8676.0,63.0
01.06.1939 00:00,17.6,-1.4,38.6,80,12434.0,82.0
01.07.1939 00:00,17.5,-3.1,44.4,72,15068.0,93.0
01.08.1939 00:00,17.8,-2.1,58.5,98,12444.0,83.0
01.09.1939 00:00,13.7,-2.0,23.7,63,11273.0,90.0
01.10.1939 00:00,8.2,-2.5,84.5,197,4561.0,48.0
01.11.1939 00:00,5.4,0.4,88.5,176,3501.0,61.0
01.12.1939 00:00,-0.6,-1.5,27.2,40,4230.0,103.0
01.01.1940 00:00,-4.4,-4.9,41.2,80,4137.0,74.0
01.02.1940 00:00,1.4,-0.9,77.0,191,5146.0,66.0
01.03.1940 00:00,5.0,-2.2,73.7,200,9240.0,82.0
01.04.1940 00:00,9.6,-1.7,49.8,148,11896.0,94.0
01.05.1940 00:00,14.0,-1.3,33.1,64,14620.0,106.0
01.06.1940 00:00,16.6,-2.4,47.2,98,13204.0,87.0
01.07.1940 00:00,17.7,-2.9,73.7,119,14757.0,91.0
01.08.1940 00:00,16.9,-3.0,27.4,46,16865.0,113.0
01.09.1940 00:00,14.1,-1.6,87.9,234,10780.0,86.0
01.10.1940 00:00,8.4,-2.3,78.2,183,8206.0,86.0
01.11.1940 00:00,4.1,-0.9,63.7,126,5269.0,92.0
01.12.1940 00:00,-6.4,-7.3,65.5,97,3394.0,83.0
01.01.1941 00:00,-2.8,-3.3,43.0,83,2845.0,51.0
01.02.1941 00:00,1.1,-1.2,50.0,124,5294.0,67.0
01.03.1941 00:00,5.8,-1.4,20.0,54,11646.0,103.0
01.04.1941 00:00,8.5,-2.8,17.6,52,11589.0,92.0
01.05.1941 00:00,10.9,-4.4,46.3,89,12562.0,91.0
01.06.1941 00:00,17.5,-1.5,36.4,76,15841.0,104.0
01.07.1941 00:00,19.9,-0.7,15.2,25,17161.0,105.0
01.08.1941 00:00,16.1,-3.8,81.5,137,13043.0,87.0
01.09.1941 00:00,13.8,-1.9,6.1,16,13519.0,108.0
01.10.1941 00:00,7.8,-2.9,42.3,99,7547.0,79.0
01.11.1941 00:00,2.5,-2.5,25.6,51,4944.0,86.0
01.12.1941 00:00,-2.2,-3.1,17.2,25,5995.0,146.0
01.01.1942 00:00,-4.5,-5.0,88.5,171,2695.0,48.0
01.02.1942 00:00,-3.8,-6.1,4.6,11,5377.0,69.0
01.03.1942 00:00,7.0,-0.2,15.8,43,9064.0,80.0
01.04.1942 00:00,10.4,-0.9,27.4,81,11953.0,95.0
01.05.1942 00:00,14.1,-1.2,24.7,48,13776.0,100.0
01.06.1942 00:00,18.0,-1.0,35.5,74,17270.0,113.0
01.07.1942 00:00,19.0,-1.6,44.1,71,15994.0,98.0
01.08.1942 00:00,18.1,-1.8,68.6,115,15043.0,100.0
01.09.1942 00:00,15.9,0.2,42.0,112,11644.0,93.0
01.10.1942 00:00,11.2,0.5,49.6,116,9499.0,99.0
01.11.1942 00:00,1.4,-3.6,19.3,38,6367.0,111.0
01.12.1942 00:00,0.7,-0.2,26.9,40,4826.0,118.0
01.01.1943 00:00,-0.9,-1.4,89.1,172,4798.0,86.0
01.02.1943 00:00,1.7,-0.6,29.1,72,8068.0,103.0
01.03.1943 00:00,7.8,0.6,14.5,39,11288.0,100.0
01.04.1943 00:00,10.9,-0.4,30.2,90,14205.0,113.0
01.05.1943 00:00,15.4,0.1,32.1,62,14436.0,105.0
01.06.1943 00:00,16.8,-2.2,57.3,119,14770.0,97.0
01.07.1943 00:00,19.1,-1.5,26.6,43,15886.0,98.0
01.08.1943 00:00,19.8,-0.1,28.7,48,18430.0,123.0
01.09.1943 00:00,15.2,-0.5,41.1,109,9812.0,79.0
01.10.1943 00:00,11.0,0.3,0.0,0,11631.0,121.0
01.11.1943 00:00,2.2,-2.8,70.5,140,5388.0,94.0
01.12.1943 00:00,-0.2,-1.1,22.0,32,5094.0,124.0
01.01.1944 00:00,-0.6,-1.1,39.9,77,6861.0,122.0
01.02.1944 00:00,-2.4,-4.7,35.7,88,7245.0,92.0
01.03.1944 00:00,2.9,-4.3,17.7,48,10416.0,92.0
01.04.1944 00:00,11.7,0.4,8.1,24,13719.0,109.0
01.05.1944 00:00,14.7,-0.6,8.9,17,17556.0,128.0
01.06.1944 00:00,17.2,-1.8,22.1,46,15469.0,101.0
01.07.1944 00:00,18.7,-1.9,55.2,89,15334.0,94.0
01.08.1944 00:00,20.5,0.6,63.2,106,15282.0,102.0
01.09.1944 00:00,13.2,-2.5,45.8,122,8467.0,68.0
01.10.1944 00:00,7.6,-3.1,61.1,143,6361.0,66.0
01.11.1944 00:00,1.6,-3.4,257.4,511,4011.0,70.0
01.12.1944 00:00,-3.1,-4.0,118.1,174,3821.0,93.0
01.01.1945 00:00,-6.9,-7.4,54.3,105,4928.0,88.0
01.02.1945 00:00,2.4,0.1,69.9,173,6851.0,87.0
01.03.1945 00:00,6.7,-0.5,10.4,28,12191.0,108.0
01.04.1945 00:00,11.7,0.4,29.9,89,15087.0,120.0
01.05.1945 00:00,15.3,0.0,60.6,117,16976.0,123.0
01.06.1945 00:00,19.1,0.1,23.0,48,18217.0,119.0
01.07.1945 00:00,20.3,-0.3,33.1,53,18652.0,115.0
01.08.1945 00:00,17.5,-2.4,60.1,101,12999.0,87.0
01.09.1945 00:00,15.0,-0.7,53.3,142,12861.0,103.0
01.10.1945 00:00,9.2,-1.5,46.8,109,10939.0,114.0
01.11.1945 00:00,2.2,-2.8,7.6,15,6455.0,113.0
01.12.1945 00:00,-0.3,-1.2,71.0,105,2798.0,68.0
01.01.1946 00:00,-2.0,-2.5,41.5,80,4858.0,87.0
01.02.1946 00:00,2.9,0.6,82.6,204,4982.0,63.0
01.03.1946 00:00,6.3,-0.9,16.6,45,10349.0,92.0
01.04.1946 00:00,12.4,1.1,4.7,14,13213.0,105.0
01.05.1946 00:00,14.7,-0.6,57.4,110,11295.0,82.0
01.06.1946 00:00,15.6,-3.4,120.3,250,12767.0,84.0
01.07.1946 00:00,19.3,-1.3,55.2,89,17161.0,105.0
01.08.1946 00:00,17.3,-2.6,73.4,123,14696.0,98.0
01.09.1946 00:00,14.4,-1.3,37.3,99,12849.0,103.0
01.10.1946 00:00,8.5,-2.2,17.0,40,9831.0,103.0
01.11.1946 00:00,3.2,-1.8,24.5,49,5738.0,100.0
01.12.1946 00:00,-2.1,-3.0,35.7,53,2774.0,68.0
01.01.1947 00:00,-3.2,-3.7,58.8,114,5790.0,103.0
01.02.1947 00:00,0.4,-1.9,22.6,56,5179.0,66.0
01.03.1947 00:00,5.7,-1.5,112.1,304,5732.0,51.0
01.04.1947 00:00,12.1,0.8,21.1,63,14723.0,117.0
01.05.1947 00:00,15.8,0.5,30.8,59,12476.0,91.0
01.06.1947 00:00,19.4,0.4,23.7,49,17582.0,115.0
01.07.1947 00:00,20.9,0.3,33.4,54,18354.0,113.0
01.08.1947 00:00,20.7,0.8,22.5,38,18026.0,120.0
01.09.1947 00:00,16.7,1.0,41.9,111,14639.0,117.0
01.10.1947 00:00,9.7,-1.0,10.4,24,9927.0,104.0
01.11.1947 00:00,5.5,0.5,84.9,168,5017.0,88.0
01.12.1947 00:00,-0.3,-1.2,58.9,87,3023.0,74.0
01.01.1948 00:00,1.9,1.4,90.7,175,3861.0,69.0
01.02.1948 00:00,2.6,0.3,19.6,49,6851.0,87.0
01.03.1948 00:00,9.4,2.2,8.8,24,14742.0,131.0
01.04.1948 00:00,10.5,-0.8,31.7,94,13060.0,104.0
01.05.1948 00:00,15.4,0.1,6.4,12,14601.0,106.0
01.06.1948 00:00,16.3,-2.7,76.7,159,13504.0,89.0
01.07.1948 00:00,16.5,-4.1,41.4,67,13367.0,82.0
01.08.1948 00:00,17.2,-2.7,67.5,113,12451.0,83.0
01.09.1948 00:00,13.9,-1.8,77.0,205,14024.0,112.0
01.10.1948 00:00,9.2,-1.5,22.0,51,9567.0,100.0
01.11.1948 00:00,3.8,-1.2,32.8,65,6940.0,121.0
01.12.1948 00:00,-0.5,-1.4,13.0,19,6600.0,161.0
01.01.1949 00:00,0.1,-0.4,26.4,51,6957.0,124.0
01.02.1949 00:00,1.8,-0.5,2.6,6,10638.0,136.0
01.03.1949 00:00,3.4,-3.8,14.6,40,12324.0,109.0
01.04.1949 00:00,12.7,1.4,42.6,126,13488.0,107.0
01.05.1949 00:00,12.6,-2.7,36.1,69,10761.0,78.0
01.06.1949 00:00,17.7,-1.3,35.3,73,18380.0,121.0
01.07.1949 00:00,20.5,-0.1,17.8,29,20219.0,124.0
01.08.1949 00:00,19.5,-0.4,66.2,111,17376.0,116.0
01.09.1949 00:00,16.9,1.2,57.6,153,11857.0,95.0
01.10.1949 00:00,11.0,0.3,12.4,29,11209.0,117.0
01.11.1949 00:00,3.2,-1.8,51.9,103,4980.0,87.0
01.12.1949 00:00,0.6,-0.3,43.7,65,4220.0,103.0
01.01.1950 00:00,-0.8,-1.3,36.2,70,6190.0,110.0
01.02.1950 00:00,2.8,0.5,111.8,277,4554.0,58.0
01.03.1950 00:00,6.7,-0.5,3.5,9,13209.0,117.0
01.04.1950 00:00,8.1,-3.2,35.1,104,10041.0,80.0
01.05.1950 00:00,15.7,0.4,26.2,50,14093.0,102.0
01.06.1950 00:00,19.7,0.7,25.2,52,18745.0,123.0
01.07.1950 00:00,21.1,0.5,38.3,62,18982.0,117.0
01.08.1950 00:00,18.3,-1.6,71.4,120,14292.0,95.0
01.09.1950 00:00,13.7,-2.0,54.9,146,11102.0,89.0
01.10.1950 00:00,8.8,-1.9,5.1,12,11136.0,116.0
01.11.1950 00:00,3.4,-1.6,174.0,345,3279.0,57.0
01.12.1950 00:00,-2.3,-3.2,46.2,68,2831.0,69.0
01.01.1951 00:00,0.4,-0.1,67.7,131,4988.0,89.0
01.02.1951 00:00,1.9,-0.4,54.7,135,5185.0,66.0
01.03.1951 00:00,4.1,-3.1,56.8,154,8477.0,75.0
01.04.1951 00:00,9.5,-1.8,35.6,106,13904.0,110.0
01.05.1951 00:00,13.4,-1.9,25.7,49,12450.0,91.0
01.06.1951 00:00,16.9,-2.1,48.3,100,13511.0,89.0
01.07.1951 00:00,19.3,-1.3,49.2,79,18081.0,111.0
01.08.1951 00:00,17.2,-2.7,84.5,142,13233.0,88.0
01.09.1951 00:00,15.4,-0.3,15.8,42,11851.0,95.0
01.10.1951 00:00,8.7,-2.0,15.2,36,9483.0,99.0
01.11.1951 00:00,5.7,0.7,72.1,143,4449.0,78.0
01.12.1951 00:00,0.3,-0.6,37.7,56,6469.0,158.0
01.01.1952 00:00,-2.2,-2.7,63.8,123,5259.0,94.0
01.02.1952 00:00,-1.5,-3.8,34.7,86,6725.0,86.0
01.03.1952 00:00,6.5,-0.7,51.3,139,8634.0,77.0
01.04.1952 00:00,11.4,0.1,42.8,127,13328.0,106.0
01.05.1952 00:00,15.4,0.1,17.1,33,17537.0,128.0
01.06.1952 00:00,19.0,0.0,48.7,101,18236.0,120.0
01.07.1952 00:00,21.7,1.1,11.4,18,20194.0,124.0
01.08.1952 00:00,18.3,-1.6,88.5,148,14772.0,99.0
01.09.1952 00:00,11.5,-4.2,59.5,158,9757.0,78.0
01.10.1952 00:00,8.0,-2.7,132.6,310,6772.0,71.0
01.11.1952 00:00,2.4,-2.6,147.6,293,3135.0,55.0
01.12.1952 00:00,-0.5,-1.4,131.9,195,1948.0,47.0
01.01.1953 00:00,-5.4,-5.9,5.6,11,7683.0,137.0
01.02.1953 00:00,-2.1,-4.4,35.8,89,7980.0,102.0
01.03.1953 00:00,5.9,-1.3,1.4,4,15330.0,136.0
01.04.1953 00:00,10.9,-0.4,16.2,48,12651.0,100.0
01.05.1953 00:00,15.8,0.5,29.7,57,16263.0,118.0
01.06.1953 00:00,15.7,-3.3,79.7,165,9366.0,61.0
01.07.1953 00:00,18.9,-1.7,57.7,93,16508.0,101.0
01.08.1953 00:00,18.2,-1.7,31.2,52,17054.0,114.0
01.09.1953 00:00,15.7,0.0,34.1,91,11194.0,90.0
01.10.1953 00:00,10.3,-0.4,28.2,66,8875.0,93.0
01.11.1953 00:00,2.7,-2.3,12.3,24,8837.0,154.0
01.12.1953 00:00,2.6,1.7,7.0,10,4601.0,112.0
01.01.1954 00:00,-2.7,-3.2,45.1,87,4002.0,71.0
01.02.1954 00:00,-0.2,-2.5,35.8,89,5415.0,69.0
01.03.1954 00:00,6.8,-0.4,26.5,72,10810.0,96.0
01.04.1954 00:00,7.7,-3.6,76.3,226,9670.0,77.0
01.05.1954 00:00,13.3,-2.0,14.6,28,14185.0,103.0
01.06.1954 00:00,17.7,-1.3,46.1,96,13811.0,91.0
01.07.1954 00:00,17.1,-3.5,22.1,36,14636.0,90.0
01.08.1954 00:00,16.4,-3.5,101.2,170,13106.0,87.0
01.09.1954 00:00,14.1,-1.6,105.5,281,11029.0,88.0
01.10.1954 00:00,9.0,-1.7,31.5,74,10456.0,109.0
01.11.1954 00:00,4.4,-0.6,41.7,83,7486.0,131.0
01.12.1954 00:00,0.9,0.0,131.0,194,4845.0,118.0
01.01.1955 00:00,1.4,0.9,148.5,287,3270.0,58.0
01.02.1955 00:00,0.6,-1.7,174.8,433,4670.0,60.0
01.03.1955 00:00,3.6,-3.6,28.1,76,11094.0,98.0
01.04.1955 00:00,10.6,-0.7,2.6,8,16789.0,133.0
01.05.1955 00:00,13.2,-2.1,60.0,115,16046.0,117.0
01.06.1955 00:00,17.1,-1.9,39.5,82,12597.0,83.0
01.07.1955 00:00,18.5,-2.1,40.2,65,13456.0,83.0
01.08.1955 00:00,17.1,-2.8,83.0,139,14116.0,94.0
01.09.1955 00:00,13.8,-1.9,14.4,38,12630.0,101.0
01.10.1955 00:00,7.8,-2.9,14.7,34,9803.0,102.0
01.11.1955 00:00,2.4,-2.6,6.4,13,6522.0,114.0
01.12.1955 00:00,1.7,0.8,71.9,106,4150.0,101.0
01.01.1956 00:00,0.0,-0.5,78.6,152,4207.0,75.0
01.02.1956 00:00,-6.5,-8.8,0.8,2,6747.0,86.0
01.03.1956 00:00,5.5,-1.7,18.9,51,9586.0,85.0
01.04.1956 00:00,7.8,-3.5,23.9,71,10233.0,81.0
01.05.1956 00:00,14.8,-0.5,61.9,119,14977.0,109.0
01.06.1956 00:00,15.4,-3.6,11.7,24,13524.0,89.0
01.07.1956 00:00,17.9,-2.7,92.6,150,15829.0,97.0
01.08.1956 00:00,15.8,-4.1,117.7,197,10949.0,73.0
01.09.1956 00:00,15.4,-0.3,35.3,94,12654.0,101.0
01.10.1956 00:00,7.3,-3.4,32.9,77,9556.0,100.0
01.11.1956 00:00,1.7,-3.3,13.8,27,5109.0,89.0
01.12.1956 00:00,-0.9,-1.8,3.8,6,6211.0,151.0
01.01.1957 00:00,-2.0,-2.5,5.6,11,6336.0,113.0
01.02.1957 00:00,3.3,1.0,211.1,523,5135.0,65.0
01.03.1957 00:00,9.0,1.8,14.9,40,13185.0,117.0
01.04.1957 00:00,9.9,-1.4,5.6,17,12561.0,100.0
01.05.1957 00:00,11.6,-3.7,36.0,69,12615.0,92.0
01.06.1957 00:00,17.0,-2.0,75.2,156,12440.0,82.0
01.07.1957 00:00,18.6,-2.0,42.2,68,15626.0,96.0
01.08.1957 00:00,16.9,-3.0,67.3,113,13863.0,93.0
01.09.1957 00:00,13.6,-2.1,39.0,104,11145.0,89.0
01.10.1957 00:00,8.9,-1.8,11.7,27,12705.0,133.0
01.11.1957 00:00,3.7,-1.3,16.0,32,6414.0,112.0
01.12.1957 00:00,-0.9,-1.8,54.5,81,6023.0,147.0
01.01.1958 00:00,-2.0,-2.5,56.0,108,5825.0,104.0
01.02.1958 00:00,2.8,0.5,113.7,281,5245.0,67.0
01.03.1958 00:00,2.9,-4.3,25.8,70,9610.0,85.0
01.04.1958 00:00,7.5,-3.8,9.7,29,12683.0,101.0
01.05.1958 00:00,16.1,0.8,58.6,113,13453.0,98.0
01.06.1958 00:00,16.3,-2.7,51.1,106,13406.0,88.0
01.07.1958 00:00,18.7,-1.9,57.5,93,16076.0,99.0
01.08.1958 00:00,18.4,-1.5,67.5,113,16147.0,108.0
01.09.1958 00:00,16.1,0.4,43.2,115,13013.0,104.0
01.10.1958 00:00,8.1,-2.6,47.9,112,7553.0,79.0
01.11.1958 00:00,2.8,-2.2,29.8,59,3279.0,57.0
01.12.1958 00:00,0.8,-0.1,72.8,108,3253.0,79.0
01.01.1959 00:00,-0.7,-1.2,81.9,158,5124.0,91.0
01.02.1959 00:00,3.2,0.9,1.1,3,11411.0,145.0
01.03.1959 00:00,8.6,1.4,14.7,40,8689.0,77.0
01.04.1959 00:00,10.2,-1.1,61.6,183,13258.0,105.0
01.05.1959 00:00,14.9,-0.4,19.9,38,16554.0,120.0
01.06.1959 00:00,17.9,-1.1,58.8,122,14633.0,96.0
01.07.1959 00:00,20.2,-0.4,54.8,89,18500.0,114.0
01.08.1959 00:00,18.0,-1.9,57.9,97,15913.0,106.0
01.09.1959 00:00,16.2,0.5,19.9,53,11589.0,93.0
01.10.1959 00:00,8.9,-1.8,42.0,98,10236.0,107.0
01.11.1959 00:00,3.0,-2.0,16.0,32,6548.0,114.0
01.12.1959 00:00,1.2,0.3,119.6,177,4004.0,98.0
01.01.1960 00:00,-0.3,-0.8,36.9,71,4983.0,89.0
01.02.1960 00:00,2.7,0.4,77.9,193,6105.0,78.0
01.03.1960 00:00,7.4,0.2,27.3,74,10240.0,91.0
01.04.1960 00:00,10.4,-0.9,3.5,10,13866.0,110.0
01.05.1960 00:00,15.8,0.5,48.1,93,17226.0,125.0
01.06.1960 00:00,18.2,-0.8,43.9,91,15834.0,104.0
01.07.1960 00:00,16.8,-3.8,94.4,153,12873.0,79.0
01.08.1960 00:00,16.7,-3.2,80.6,135,14463.0,97.0
01.09.1960 00:00,12.7,-3.0,64.0,170,9367.0,75.0
01.10.1960 00:00,8.7,-2.0,57.4,134,6237.0,65.0
01.11.1960 00:00,4.9,-0.1,65.9,131,4449.0,78.0
01.12.1960 00:00,-0.5,-1.4,18.1,27,3878.0,95.0
01.01.1961 00:00,-1.0,-1.5,72.1,139,3831.0,68.0
01.02.1961 00:00,4.7,2.4,78.3,194,6873.0,88.0
01.03.1961 00:00,7.1,-0.1,7.4,20,15178.0,135.0
01.04.1961 00:00,11.7,0.4,54.3,161,10295.0,82.0
01.05.1961 00:00,13.0,-2.3,20.1,39,14104.0,103.0
01.06.1961 00:00,18.1,-0.9,40.6,84,15000.0,98.0
01.07.1961 00:00,17.7,-2.9,57.3,93,15634.0,96.0
01.08.1961 00:00,17.8,-2.1,39.1,66,17325.0,116.0
01.09.1961 00:00,17.8,2.1,31.3,83,13760.0,110.0
01.10.1961 00:00,9.6,-1.1,66.7,156,9073.0,95.0
01.11.1961 00:00,3.2,-1.8,24.5,49,7186.0,125.0
01.12.1961 00:00,0.7,-0.2,118.9,176,4424.0,108.0
01.01.1962 00:00,0.1,-0.4,113.4,219,4883.0,87.0
01.02.1962 00:00,0.3,-2.0,62.0,153,6918.0,88.0
01.03.1962 00:00,2.6,-4.6,65.2,177,9512.0,84.0
01.04.1962 00:00,9.4,-1.9,35.8,106,12841.0,102.0
01.05.1962 00:00,12.8,-2.5,31.5,61,14318.0,104.0
01.06.1962 00:00,17.5,-1.5,29.2,61,18816.0,123.0
01.07.1962 00:00,18.7,-1.9,18.5,30,16626.0,102.0
01.08.1962 00:00,19.8,-0.1,25.3,42,19961.0,133.0
01.09.1962 00:00,14.8,-0.9,17.9,48,13487.0,108.0
01.10.1962 00:00,9.5,-1.2,4.6,11,11343.0,118.0
01.11.1962 00:00,2.5,-2.5,27.9,55,5148.0,90.0
01.12.1962 00:00,-3.7,-4.6,105.5,156,4395.0,107.0
01.01.1963 00:00,-4.9,-5.4,28.1,54,5181.0,92.0
01.02.1963 00:00,-2.5,-4.8,25.2,62,6233.0,79.0
01.03.1963 00:00,3.7,-3.5,104.9,284,7721.0,68.0
01.04.1963 00:00,10.6,-0.7,16.0,47,11302.0,90.0
01.05.1963 00:00,13.6,-1.7,13.6,26,13919.0,101.0
01.06.1963 00:00,16.9,-2.1,74.5,155,12659.0,83.0
01.07.1963 00:00,19.7,-0.9,46.4,75,17744.0,109.0
01.08.1963 00:00,16.5,-3.4,88.4,148,12977.0,87.0
01.09.1963 00:00,14.5,-1.2,13.0,35,10491.0,84.0
01.10.1963 00:00,8.8,-1.9,41.3,96,11731.0,122.0
01.11.1963 00:00,5.6,0.6,92.8,184,5076.0,89.0
01.12.1963 00:00,-1.6,-2.5,2.8,4,6058.0,148.0
01.01.1964 00:00,-3.5,-4.0,3.4,7,6243.0,111.0
01.02.1964 00:00,3.0,0.7,3.5,9,8120.0,103.0
01.03.1964 00:00,4.9,-2.3,34.2,93,4570.0,41.0
01.04.1964 00:00,10.5,-0.8,44.3,131,11278.0,90.0
01.05.1964 00:00,15.4,0.1,50.4,97,13692.0,100.0
01.06.1964 00:00,18.6,-0.4,33.4,69,15846.0,104.0
01.07.1964 00:00,20.5,-0.1,33.0,53,19207.0,118.0
01.08.1964 00:00,17.5,-2.4,46.8,79,14500.0,97.0
01.09.1964 00:00,14.4,-1.3,47.8,127,13141.0,105.0
01.10.1964 00:00,7.3,-3.4,68.1,159,8459.0,88.0
01.11.1964 00:00,3.8,-1.2,48.6,96,4828.0,84.0
01.12.1964 00:00,-1.6,-2.5,18.0,27,4181.0,102.0
01.01.1965 00:00,-0.4,-0.9,46.5,90,3928.0,70.0
01.02.1965 00:00,-2.0,-4.3,3.5,9,9997.0,127.0
01.03.1965 00:00,5.1,-2.1,83.7,227,9753.0,86.0
01.04.1965 00:00,8.2,-3.1,29.8,88,9637.0,77.0
01.05.1965 00:00,13.2,-2.1,70.1,135,13281.0,97.0
01.06.1965 00:00,17.4,-1.6,40.1,83,13388.0,88.0
01.07.1965 00:00,16.9,-3.7,126.2,204,14619.0,90.0
01.08.1965 00:00,16.4,-3.5,80.4,135,12512.0,83.0
01.09.1965 00:00,12.1,-3.6,64.9,173,10145.0,81.0
01.10.1965 00:00,9.2,-1.5,0.9,2,11196.0,117.0
01.11.1965 00:00,3.4,-1.6,119.4,237,2960.0,52.0
01.12.1965 00:00,0.0,-0.9,167.8,248,1789.0,44.0
01.01.1966 00:00,-2.9,-3.4,55.7,108,5376.0,96.0
01.02.1966 00:00,5.4,3.1,91.4,226,4576.0,58.0
01.03.1966 00:00,4.3,-2.9,35.7,97,10752.0,95.0
01.04.1966 00:00,10.7,-0.6,52.1,155,11103.0,88.0
01.05.1966 00:00,14.7,-0.6,19.0,37,14699.0,107.0
01.06.1966 00:00,18.5,-0.5,17.7,37,16259.0,107.0
01.07.1966 00:00,17.2,-3.4,45.1,73,15102.0,93.0
01.08.1966 00:00,16.4,-3.5,68.9,116,12934.0,86.0
01.09.1966 00:00,15.9,0.2,13.4,36,13893.0,111.0
01.10.1966 00:00,11.6,0.9,48.1,112,7451.0,78.0
01.11.1966 00:00,2.0,-3.0,49.8,99,4659.0,81.0
01.12.1966 00:00,-0.5,-1.4,92.0,136,2907.0,71.0
01.01.1967 00:00,-0.8,-1.3,26.7,52,6659.0,119.0
01.02.1967 00:00,2.7,0.4,86.6,214,7212.0,92.0
01.03.1967 00:00,6.6,-0.6,70.1,190,8249.0,73.0
01.04.1967 00:00,9.0,-2.3,8.2,24,13034.0,103.0
01.05.1967 00:00,13.8,-1.5,45.6,88,13128.0,95.0
01.06.1967 00:00,16.9,-2.1,34.0,71,14734.0,97.0
01.07.1967 00:00,20.7,0.1,48.7,79,18458.0,113.0
01.08.1967 00:00,17.9,-2.0,74.2,124,15466.0,103.0
01.09.1967 00:00,14.0,-1.7,36.3,97,9333.0,75.0
01.10.1967 00:00,11.4,0.7,30.3,71,12526.0,131.0
01.11.1967 00:00,4.5,-0.5,34.4,68,6311.0,110.0
01.12.1967 00:00,-2.7,-3.6,32.5,48,3608.0,88.0
01.01.1968 00:00,-2.3,-2.8,138.8,268,3841.0,69.0
01.02.1968 00:00,2.1,-0.2,28.6,71,6153.0,78.0
01.03.1968 00:00,6.1,-1.1,11.8,32,11154.0,99.0
01.04.1968 00:00,11.8,0.5,27.9,83,12992.0,103.0
01.05.1968 00:00,13.8,-1.5,21.6,42,14435.0,105.0
01.06.1968 00:00,17.3,-1.7,24.2,50,15792.0,104.0
01.07.1968 00:00,19.1,-1.5,65.8,106,17838.0,110.0
01.08.1968 00:00,16.0,-3.9,73.9,124,10959.0,73.0
01.09.1968 00:00,13.5,-2.2,94.3,251,10774.0,86.0
01.10.1968 00:00,11.0,0.3,16.8,39,10337.0,108.0
01.11.1968 00:00,3.8,-1.2,90.0,179,5081.0,89.0
01.12.1968 00:00,-0.5,-1.4,77.4,114,3760.0,92.0
01.01.1969 00:00,0.1,-0.4,20.2,39,4934.0,88.0
01.02.1969 00:00,-0.6,-2.9,25.8,64,6098.0,78.0
01.03.1969 00:00,5.8,-1.4,17.5,47,8288.0,73.0
01.04.1969 00:00,9.0,-2.3,69.6,207,9783.0,78.0
01.05.1969 00:00,14.8,-0.5,29.9,58,15770.0,115.0
01.06.1969 00:00,15.3,-3.7,67.1,139,12502.0,82.0
01.07.1969 00:00,19.3,-1.3,62.1,100,17541.0,108.0
01.08.1969 00:00,17.1,-2.8,80.2,135,13729.0,92.0
01.09.1969 00:00,15.3,-0.4,39.7,106,11263.0,90.0
01.10.1969 00:00,10.7,0.0,2.6,6,11534.0,120.0
01.11.1969 00:00,3.9,-1.1,80.5,160,5658.0,99.0
01.12.1969 00:00,-5.1,-6.0,30.1,44,4634.0,113.0
01.01.1970 00:00,0.6,0.1,33.3,64,3601.0,64.0
01.02.1970 00:00,0.5,-1.8,199.0,493,2968.0,38.0
01.03.1970 00:00,2.6,-4.6,68.7,186,7514.0,67.0
01.04.1970 00:00,7.1,-4.2,74.0,220,10284.0,82.0
01.05.1970 00:00,13.1,-2.2,32.4,62,14507.0,105.0
01.06.1970 00:00,18.4,-0.6,51.1,106,14872.0,98.0
01.07.1970 00:00,18.6,-2.0,33.8,55,18029.0,111.0
01.08.1970 00:00,18.0,-1.9,62.8,105,13458.0,90.0
01.09.1970 00:00,16.2,0.5,20.0,53,14931.0,120.0
01.10.1970 00:00,8.9,-1.8,29.5,69,9302.0,97.0
01.11.1970 00:00,5.4,0.4,56.6,112,5918.0,103.0
01.12.1970 00:00,-1.1,-2.0,8.5,13,5293.0,129.0
01.01.1971 00:00,-2.0,-2.5,42.9,83,5771.0,103.0
01.02.1971 00:00,1.2,-1.1,13.7,34,7595.0,97.0
01.03.1971 00:00,1.8,-5.4,61.7,167,9814.0,87.0
01.04.1971 00:00,12.5,1.2,17.8,53,13693.0,109.0
01.05.1971 00:00,14.9,-0.4,60.9,117,11267.0,82.0
01.06.1971 00:00,15.6,-3.4,70.1,145,12647.0,83.0
01.07.1971 00:00,20.7,0.1,22.8,37,19939.0,123.0
01.08.1971 00:00,19.5,-0.4,89.4,150,16333.0,109.0
01.09.1971 00:00,14.2,-1.5,17.6,47,14648.0,117.0
01.10.1971 00:00,9.9,-0.8,10.9,25,12062.0,126.0
01.11.1971 00:00,1.9,-3.1,127.1,252,5548.0,97.0
01.12.1971 00:00,-0.5,-1.4,4.4,6,5603.0,137.0
01.01.1972 00:00,0.0,-0.5,19.2,37,4688.0,84.0
01.02.1972 00:00,4.6,2.3,26.2,65,4606.0,59.0
01.03.1972 00:00,7.4,0.2,7.8,21,10455.0,93.0
01.04.1972 00:00,8.8,-2.5,37.7,112,10698.0,85.0
01.05.1972 00:00,13.1,-2.2,26.9,52,12328.0,90.0
01.06.1972 00:00,15.7,-3.3,43.7,91,13529.0,89.0
01.07.1972 00:00,18.8,-1.8,24.8,40,15279.0,94.0
01.08.1972 00:00,17.4,-2.5,28.9,48,14228.0,95.0
01.09.1972 00:00,12.1,-3.6,9.8,26,11057.0,89.0
01.10.1972 00:00,8.5,-2.2,27.4,64,9488.0,99.0
01.11.1972 00:00,3.6,-1.4,161.6,321,5548.0,97.0
01.12.1972 00:00,0.7,-0.2,13.2,19,5801.0,141.0
01.01.1973 00:00,-0.7,-1.2,19.6,38,4376.0,78.0
01.02.1973 00:00,-0.9,-3.2,35.2,87,7264.0,93.0
01.03.1973 00:00,4.1,-3.1,3.8,10,12470.0,111.0
01.04.1973 00:00,6.7,-4.6,45.6,135,12565.0,100.0
01.05.1973 00:00,14.9,-0.4,24.1,46,13768.0,100.0
01.06.1973 00:00,17.6,-1.4,80.0,166,14859.0,97.0
01.07.1973 00:00,18.1,-2.5,95.0,153,14543.0,89.0
01.08.1973 00:00,19.6,-0.3,30.0,50,13994.0,93.0
01.09.1973 00:00,15.1,-0.6,38.4,102,12729.0,102.0
01.10.1973 00:00,8.2,-2.5,50.8,119,8656.0,90.0
01.11.1973 00:00,3.0,-2.0,39.1,78,6664.0,116.0
01.12.1973 00:00,-0.2,-1.1,43.5,64,3940.0,96.0
01.01.1974 00:00,2.3,1.8,18.7,36,4192.0,75.0
01.02.1974 00:00,3.2,0.9,47.5,118,4890.0,62.0
01.03.1974 00:00,7.4,0.2,49.8,135,8026.0,71.0
01.04.1974 00:00,9.6,-1.7,10.2,30,13925.0,111.0
01.05.1974 00:00,12.9,-2.4,56.7,109,11842.0,86.0
01.06.1974 00:00,15.7,-3.3,120.9,251,13933.0,91.0
01.07.1974 00:00,18.5,-2.1,22.6,37,16744.0,103.0
01.08.1974 00:00,19.3,-0.6,40.3,68,16105.0,107.0
01.09.1974 00:00,13.6,-2.1,87.9,234,10421.0,84.0
01.10.1974 00:00,4.4,-6.3,108.9,254,5601.0,58.0
01.11.1974 00:00,3.7,-1.3,86.0,171,4484.0,78.0
01.12.1974 00:00,1.3,0.4,67.7,100,4741.0,116.0
01.01.1975 00:00,2.2,1.7,89.3,172,5109.0,91.0
01.02.1975 00:00,2.8,0.5,4.0,10,10452.0,133.0
01.03.1975 00:00,4.4,-2.8,33.4,91,7508.0,67.0
01.04.1975 00:00,9.1,-2.2,31.3,93,13937.0,111.0
01.05.1975 00:00,13.7,-1.6,41.9,81,12896.0,94.0
01.06.1975 00:00,16.1,-2.9,30.7,64,13460.0,88.0
01.07.1975 00:00,19.3,-1.3,41.8,68,17924.0,110.0
01.08.1975 00:00,18.2,-1.7,40.2,67,12621.0,84.0
01.09.1975 00:00,16.2,0.5,38.3,102,9956.0,80.0
01.10.1975 00:00,7.9,-2.8,8.2,19,9798.0,102.0
01.11.1975 00:00,3.2,-1.8,72.0,143,5721.0,100.0
01.12.1975 00:00,-1.5,-2.4,0.8,1,4931.0,120.0
01.01.1976 00:00,0.3,-0.2,7.6,15,4967.0,89.0
01.02.1976 00:00,1.6,-0.7,41.2,102,7863.0,100.0
01.03.1976 00:00,4.8,-2.4,7.7,21,11364.0,101.0
01.04.1976 00:00,9.2,-2.1,35.8,106,14437.0,115.0
01.05.1976 00:00,15.0,-0.3,12.6,24,16433.0,119.0
01.06.1976 00:00,19.6,0.6,24.5,51,19888.0,130.0
01.07.1976 00:00,19.7,-0.9,57.0,92,14172.0,87.0
01.08.1976 00:00,17.4,-2.5,38.9,65,15053.0,100.0
01.09.1976 00:00,13.2,-2.5,37.3,99,10580.0,85.0
01.10.1976 00:00,10.6,-0.1,46.9,110,6920.0,72.0
01.11.1976 00:00,3.4,-1.6,47.5,94,5990.0,105.0
01.12.1976 00:00,-1.6,-2.5,130.8,193,4048.0,99.0
01.01.1977 00:00,0.3,-0.2,50.3,97,3441.0,61.0
01.02.1977 00:00,3.5,1.2,112.1,277,4113.0,52.0
01.03.1977 00:00,8.0,0.8,25.6,69,8981.0,80.0
01.04.1977 00:00,8.0,-3.3,98.9,293,8856.0,70.0
01.05.1977 00:00,13.0,-2.3,52.1,100,10749.0,78.0
01.06.1977 00:00,16.2,-2.8,43.1,89,12483.0,82.0
01.07.1977 00:00,18.5,-2.1,59.1,95,15143.0,93.0
01.08.1977 00:00,16.6,-3.3,34.4,58,13027.0,87.0
01.09.1977 00:00,13.7,-2.0,10.5,28,13006.0,104.0
01.10.1977 00:00,10.4,-0.3,68.5,160,8244.0,86.0
01.11.1977 00:00,3.3,-1.7,75.4,150,6024.0,105.0
01.12.1977 00:00,0.8,-0.1,56.8,84,4199.0,102.0
01.01.1978 00:00,-0.3,-0.8,66.3,128,3086.0,55.0
01.02.1978 00:00,0.9,-1.4,86.4,214,4313.0,55.0
01.03.1978 00:00,5.4,-1.8,109.4,296,6971.0,62.0
01.04.1978 00:00,8.2,-3.1,10.0,30,9488.0,75.0
01.05.1978 00:00,12.3,-3.0,41.2,79,10522.0,76.0
01.06.1978 00:00,15.8,-3.2,86.2,179,12156.0,80.0
01.07.1978 00:00,17.4,-3.2,31.7,51,13612.0,84.0
01.08.1978 00:00,16.3,-3.6,53.7,90,14694.0,98.0
01.09.1978 00:00,13.2,-2.5,13.8,37,13962.0,112.0
01.10.1978 00:00,7.3,-3.4,17.3,40,12034.0,126.0
01.11.1978 00:00,0.6,-4.4,0.6,1,9462.0,165.0
01.12.1978 00:00,0.7,-0.2,96.4,142,3128.0,76.0
01.01.1979 00:00,-2.3,-2.8,74.1,143,4559.0,81.0
01.02.1979 00:00,2.5,0.2,69.9,173,5990.0,76.0
01.03.1979 00:00,5.9,-1.3,87.9,238,7137.0,63.0
01.04.1979 00:00,7.6,-3.7,20.6,61,11489.0,91.0
01.05.1979 00:00,13.3,-2.0,43.0,83,14596.0,106.0
01.06.1979 00:00,17.4,-1.6,34.4,71,12995.0,85.0
01.07.1979 00:00,18.7,-1.9,24.6,40,17312.0,106.0
01.08.1979 00:00,16.5,-3.4,61.9,104,15371.0,103.0
01.09.1979 00:00,13.9,-1.8,33.7,90,13070.0,105.0
01.10.1979 00:00,10.7,0.0,72.6,170,7903.0,82.0
01.11.1979 00:00,2.6,-2.4,68.2,135,6488.0,113.0
01.12.1979 00:00,1.4,0.5,106.1,157,2743.0,67.0
01.01.1980 00:00,-1.6,-2.1,90.5,175,3897.0,70.0
01.02.1980 00:00,2.5,0.2,72.1,178,7497.0,96.0
01.03.1980 00:00,4.9,-2.3,65.5,178,8553.0,76.0
01.04.1980 00:00,7.2,-4.1,3.0,9,11205.0,89.0
01.05.1980 00:00,12.2,-3.1,56.9,109,10062.0,73.0
01.06.1980 00:00,15.3,-3.7,49.3,102,10193.0,67.0
01.07.1980 00:00,16.4,-4.2,88.5,143,11729.0,72.0
01.08.1980 00:00,18.4,-1.5,26.4,44,14024.0,94.0
01.09.1980 00:00,14.6,-1.1,33.8,90,15509.0,124.0
01.10.1980 00:00,7.6,-3.1,121.7,284,8032.0,84.0
01.11.1980 00:00,2.7,-2.3,23.1,46,5031.0,88.0
01.12.1980 00:00,-2.1,-3.0,16.8,25,4091.0,100.0
01.01.1981 00:00,-2.7,-3.2,86.6,167,5031.0,90.0
01.02.1981 00:00,-0.5,-2.8,11.3,28,8351.0,106.0
01.03.1981 00:00,7.7,0.5,95.5,259,6930.0,61.0
01.04.1981 00:00,11.3,0.0,10.0,30,12723.0,101.0
01.05.1981 00:00,13.5,-1.8,62.3,120,9116.0,66.0
01.06.1981 00:00,17.5,-1.5,26.6,55,13833.0,91.0
01.07.1981 00:00,17.5,-3.1,51.8,84,12735.0,78.0
01.08.1981 00:00,18.3,-1.6,18.1,30,16567.0,111.0
01.09.1981 00:00,14.8,-0.9,52.7,140,7624.0,61.0
01.10.1981 00:00,8.9,-1.8,108.6,254,6337.0,66.0
01.11.1981 00:00,3.0,-2.0,40.3,80,7260.0,127.0
01.12.1981 00:00,0.5,-0.4,140.3,207,2154.0,52.0
01.01.1982 00:00,1.2,0.7,62.7,121,5164.0,92.0
01.02.1982 00:00,2.4,0.1,3.8,9,7690.0,98.0
01.03.1982 00:00,4.3,-2.9,60.1,163,9358.0,83.0
01.04.1982 00:00,9.2,-2.1,8.4,25,15565.0,124.0
01.05.1982 00:00,13.8,-1.5,25.0,48,14476.0,105.0
01.06.1982 00:00,17.8,-1.2,40.2,83,12213.0,80.0
01.07.1982 00:00,20.4,-0.2,52.7,85,15633.0,96.0
01.08.1982 00:00,17.4,-2.5,72.0,121,11915.0,80.0
01.09.1982 00:00,15.9,0.2,28.3,75,13134.0,105.0
01.10.1982 00:00,9.0,-1.7,108.3,253,7875.0,82.0
01.11.1982 00:00,5.3,0.3,23.5,47,6084.0,106.0
01.12.1982 00:00,1.2,0.3,110.6,163,3509.0,86.0
01.01.1983 00:00,1.5,1.0,54.8,106,4596.0,82.0
01.02.1983 00:00,-1.7,-4.0,47.0,116,5834.0,74.0
01.03.1983 00:00,6.6,-0.6,6.1,17,8822.0,78.0
01.04.1983 00:00,10.2,-1.1,55.3,164,7895.0,63.0
01.05.1983 00:00,12.0,-3.3,83.2,160,8659.0,63.0
01.06.1983 00:00,17.5,-1.5,36.5,76,13428.0,88.0
01.07.1983 00:00,22.2,1.6,6.0,10,18259.0,112.0
01.08.1983 00:00,19.2,-0.7,67.6,113,12098.0,81.0
01.09.1983 00:00,14.7,-1.0,67.2,179,12663.0,102.0
01.10.1983 00:00,9.0,-1.7,28.1,66,10576.0,110.0
01.11.1983 00:00,2.6,-2.4,84.8,168,7419.0,129.0
01.12.1983 00:00,0.5,-0.4,43.8,65,4638.0,113.0
01.01.1984 00:00,0.0,-0.5,77.4,149,3083.0,55.0
01.02.1984 00:00,-0.1,-2.4,70.5,175,6797.0,87.0
01.03.1984 00:00,3.6,-3.6,22.4,61,11913.0,106.0
01.04.1984 00:00,8.7,-2.6,13.0,39,14225.0,113.0
01.05.1984 00:00,11.4,-3.9,34.8,67,8221.0,60.0
01.06.1984 00:00,16.4,-2.6,49.1,102,14102.0,92.0
01.07.1984 00:00,18.9,-1.7,30.1,49,18279.0,112.0
01.08.1984 00:00,17.9,-2.0,24.1,40,12839.0,86.0
01.09.1984 00:00,13.0,-2.7,84.8,226,10595.0,85.0
01.10.1984 00:00,9.3,-1.4,33.5,78,10835.0,113.0
01.11.1984 00:00,6.3,1.3,35.3,70,4669.0,81.0
01.12.1984 00:00,0.8,-0.1,18.9,28,4513.0,110.0
01.01.1985 00:00,-4.4,-4.9,66.3,128,4021.0,72.0
01.02.1985 00:00,0.3,-2.0,75.5,187,4268.0,54.0
01.03.1985 00:00,4.2,-3.0,21.5,58,8896.0,79.0
01.04.1985 00:00,9.6,-1.7,52.4,155,11280.0,90.0
01.05.1985 00:00,13.2,-2.1,105.2,202,13122.0,95.0
01.06.1985 00:00,15.9,-3.1,123.2,256,13676.0,90.0
01.07.1985 00:00,20.1,-0.5,22.8,37,17939.0,110.0
01.08.1985 00:00,17.8,-2.1,49.3,83,16772.0,112.0
01.09.1985 00:00,15.7,0.0,20.3,54,16636.0,133.0
01.10.1985 00:00,9.9,-0.8,0.2,0,12595.0,131.0
01.11.1985 00:00,1.5,-3.5,71.2,141,4555.0,79.0
01.12.1985 00:00,0.9,0.0,41.1,61,4505.0,110.0
01.01.1986 00:00,0.3,-0.2,96.8,187,3011.0,54.0
01.02.1986 00:00,-1.0,-3.3,18.2,45,6608.0,84.0
01.03.1986 00:00,5.4,-1.8,61.0,165,9905.0,88.0
01.04.1986 00:00,7.9,-3.4,42.1,125,6350.0,50.0
01.05.1986 00:00,15.9,0.6,39.1,75,12577.0,91.0
01.06.1986 00:00,17.7,-1.3,26.7,55,16716.0,110.0
01.07.1986 00:00,19.1,-1.5,53.0,86,15852.0,97.0
01.08.1986 00:00,17.7,-2.2,105.1,176,14697.0,98.0
01.09.1986 00:00,15.1,-0.6,33.9,90,11733.0,94.0
01.10.1986 00:00,10.8,0.1,55.4,129,11197.0,117.0
01.11.1986 00:00,4.2,-0.8,37.3,74,7165.0,125.0
01.12.1986 00:00,-0.2,-1.1,63.2,93,3401.0,83.0
01.01.1987 00:00,-3.5,-4.0,44.1,85,3305.0,59.0
01.02.1987 00:00,1.7,-0.6,25.7,64,5066.0,65.0
01.03.1987 00:00,3.6,-3.6,41.8,113,8534.0,76.0
01.04.1987 00:00,10.5,-0.8,43.5,129,12812.0,102.0
01.05.1987 00:00,11.5,-3.8,42.5,82,11565.0,84.0
01.06.1987 00:00,15.7,-3.3,98.2,204,11373.0,75.0
01.07.1987 00:00,19.2,-1.4,68.4,111,12726.0,78.0
01.08.1987 00:00,18.6,-1.3,45.6,77,13992.0,93.0
01.09.1987 00:00,17.0,1.3,35.1,93,13427.0,108.0
01.10.1987 00:00,11.1,0.4,63.2,148,6715.0,70.0
01.11.1987 00:00,4.2,-0.8,64.5,128,6010.0,105.0
01.12.1987 00:00,1.6,0.7,44.6,66,4202.0,102.0
01.01.1988 00:00,3.0,2.5,63.4,122,3710.0,66.0
01.02.1988 00:00,1.8,-0.5,49.0,121,7068.0,90.0
01.03.1988 00:00,4.8,-2.4,111.4,302,6344.0,56.0
01.04.1988 00:00,11.4,0.1,7.9,23,11403.0,91.0
01.05.1988 00:00,15.6,0.3,28.1,54,10897.0,79.0
01.06.1988 00:00,17.0,-2.0,23.7,49,11690.0,77.0
01.07.1988 00:00,19.7,-0.9,47.5,77,18751.0,115.0
01.08.1988 00:00,19.2,-0.7,59.0,99,14964.0,100.0
01.09.1988 00:00,14.6,-1.1,24.7,66,12778.0,102.0
01.10.1988 00:00,11.2,0.5,113.7,266,7891.0,82.0
01.11.1988 00:00,2.2,-2.8,38.2,76,7440.0,130.0
01.12.1988 00:00,1.1,0.2,73.3,108,4024.0,98.0
01.01.1989 00:00,-1.3,-1.8,3.4,7,8236.0,147.0
01.02.1989 00:00,2.4,0.1,25.5,63,6799.0,87.0
01.03.1989 00:00,8.2,1.0,37.0,100,12377.0,110.0
01.04.1989 00:00,9.1,-2.2,81.4,242,7328.0,58.0
01.05.1989 00:00,15.7,0.4,35.2,68,16443.0,120.0
01.06.1989 00:00,17.4,-1.6,9.4,20,16852.0,110.0
01.07.1989 00:00,20.2,-0.4,58.2,94,14403.0,89.0
01.08.1989 00:00,19.0,-0.9,45.8,77,16236.0,108.0
01.09.1989 00:00,15.0,-0.7,9.4,25,11590.0,93.0
01.10.1989 00:00,10.3,-0.4,33.0,77,12164.0,127.0
01.11.1989 00:00,3.4,-1.6,23.8,47,7454.0,130.0
01.12.1989 00:00,-0.3,-1.2,73.1,108,5302.0,129.0
01.01.1990 00:00,-0.8,-1.3,23.9,46,7854.0,140.0
01.02.1990 00:00,5.7,3.4,264.4,654,6894.0,88.0
01.03.1990 00:00,7.7,0.5,21.4,58,12083.0,107.0
01.04.1990 00:00,9.1,-2.2,29.8,88,9635.0,76.0
01.05.1990 00:00,16.2,0.9,29.2,56,14712.0,107.0
01.06.1990 00:00,16.5,-2.5,129.5,269,12967.0,85.0
01.07.1990 00:00,20.1,-0.5,41.1,66,18356.0,113.0
01.08.1990 00:00,19.6,-0.3,64.0,107,16976.0,113.0
01.09.1990 00:00,14.4,-1.3,78.1,208,12666.0,102.0
01.10.1990 00:00,11.5,0.8,115.3,269,8950.0,93.0
01.11.1990 00:00,4.0,-1.0,58.8,117,6135.0,107.0
01.12.1990 00:00,-1.6,-2.5,36.5,54,4851.0,118.0
01.01.1991 00:00,0.1,-0.4,49.3,95,5520.0,98.0
01.02.1991 00:00,-0.3,-2.6,41.7,103,8690.0,111.0
01.03.1991 00:00,9.0,1.8,65.2,177,8206.0,73.0
01.04.1991 00:00,9.4,-1.9,12.5,37,14200.0,113.0
01.05.1991 00:00,12.3,-3.0,10.6,20,16141.0,117.0
01.06.1991 00:00,16.8,-2.2,86.8,180,13796.0,90.0
01.07.1991 00:00,21.0,0.4,44.2,71,17700.0,109.0
01.08.1991 00:00,20.8,0.9,14.9,25,19219.0,128.0
01.09.1991 00:00,17.2,1.5,43.3,115,11881.0,95.0
01.10.1991 00:00,8.8,-1.9,35.0,82,9458.0,99.0
01.11.1991 00:00,3.5,-1.5,49.5,98,5650.0,99.0
01.12.1991 00:00,-2.1,-3.0,80.6,119,5940.0,145.0
01.01.1992 00:00,-2.0,-2.5,10.7,21,6337.0,113.0
01.02.1992 00:00,2.1,-0.2,27.2,67,8469.0,108.0
01.03.1992 00:00,7.4,0.2,39.2,106,9334.0,83.0
01.04.1992 00:00,10.3,-1.0,29.5,88,11856.0,94.0
01.05.1992 00:00,16.2,0.9,15.9,31,15105.0,110.0
01.06.1992 00:00,16.9,-2.1,63.1,131,9961.0,65.0
01.07.1992 00:00,20.0,-0.6,69.8,113,15275.0,94.0
01.08.1992 00:00,21.2,1.3,42.7,72,15275.0,102.0
01.09.1992 00:00,15.4,-0.3,35.9,95,12418.0,100.0
01.10.1992 00:00,8.7,-2.0,121.0,283,5736.0,60.0
01.11.1992 00:00,5.6,0.6,148.8,295,4024.0,70.0
01.12.1992 00:00,0.7,-0.2,116.5,172,3834.0,93.0
01.01.1993 00:00,1.9,1.4,9.3,18,6554.0,117.0
01.02.1993 00:00,0.7,-1.6,1.3,3,9105.0,116.0
01.03.1993 00:00,6.0,-1.2,14.6,40,12741.0,113.0
01.04.1993 00:00,11.4,0.1,79.1,235,9915.0,79.0
01.05.1993 00:00,16.1,0.8,32.2,62,13940.0,101.0
01.06.1993 00:00,18.6,-0.4,35.8,74,14728.0,97.0
01.07.1993 00:00,18.8,-1.8,89.7,145,14699.0,90.0
01.08.1993 00:00,19.7,-0.2,38.0,64,15875.0,106.0
01.09.1993 00:00,14.6,-1.1,102.1,272,9267.0,74.0
01.10.1993 00:00,9.5,-1.2,42.9,100,7263.0,76.0
01.11.1993 00:00,3.5,-1.5,19.2,38,4972.0,87.0
01.12.1993 00:00,2.2,1.3,154.8,229,2834.0,69.0
01.01.1994 00:00,2.2,1.7,57.2,110,4687.0,84.0
01.02.1994 00:00,3.6,1.3,11.2,28,6847.0,87.0
01.03.1994 00:00,10.0,2.8,14.8,40,10199.0,90.0
01.04.1994 00:00,8.6,-2.7,66.6,198,10641.0,84.0
01.05.1994 00:00,15.3,0.0,78.4,151,11777.0,86.0
01.06.1994 00:00,18.4,-0.6,38.3,79,16367.0,107.0
01.07.1994 00:00,22.1,1.5,63.7,103,17569.0,108.0
01.08.1994 00:00,19.8,-0.1,59.8,100,14438.0,96.0
01.09.1994 00:00,14.3,-1.4,105.3,280,7719.0,62.0
01.10.1994 00:00,10.2,-0.5,49.1,115,9647.0,101.0
01.11.1994 00:00,7.4,2.4,50.8,101,6025.0,105.0
01.12.1994 00:00,1.7,0.8,75.8,112,4887.0,119.0
01.01.1995 00:00,-0.1,-0.6,135.6,262,4961.0,88.0
01.02.1995 00:00,4.3,2.0,135.9,336,6361.0,81.0
01.03.1995 00:00,4.7,-2.5,53.1,144,10635.0,94.0
01.04.1995 00:00,10.7,-0.6,20.0,59,11818.0,94.0
01.05.1995 00:00,14.3,-1.0,106.2,204,14296.0,104.0
01.06.1995 00:00,16.7,-2.3,31.8,66,14888.0,98.0
01.07.1995 00:00,21.7,1.1,38.6,62,17715.0,109.0
01.08.1995 00:00,18.9,-1.0,52.9,89,12546.0,84.0
01.09.1995 00:00,13.1,-2.6,72.6,193,9966.0,80.0
01.10.1995 00:00,12.2,1.5,3.7,9,11798.0,123.0
01.11.1995 00:00,4.6,-0.4,47.5,94,7530.0,131.0
01.12.1995 00:00,1.4,0.5,58.8,87,3691.0,90.0
01.01.1996 00:00,2.3,1.8,5.2,10,6048.0,108.0
01.02.1996 00:00,1.1,-1.2,48.9,121,6815.0,87.0
01.03.1996 00:00,5.4,-1.8,15.3,41,12538.0,111.0
01.04.1996 00:00,11.3,0.0,20.0,59,11843.0,94.0
01.05.1996 00:00,14.4,-0.9,44.9,86,12829.0,93.0
01.06.1996 00:00,19.2,0.2,21.0,44,16263.0,107.0
01.07.1996 00:00,18.9,-1.7,85.8,139,14988.0,92.0
01.08.1996 00:00,18.3,-1.6,71.4,120,13585.0,91.0
01.09.1996 00:00,12.6,-3.1,6.6,18,13286.0,107.0
01.10.1996 00:00,10.0,-0.7,45.1,105,9147.0,95.0
01.11.1996 00:00,4.6,-0.4,154.5,307,5094.0,89.0
01.12.1996 00:00,0.9,0.0,35.9,53,3445.0,84.0
01.01.1997 00:00,0.4,-0.1,31.1,60,5721.0,102.0
01.02.1997 00:00,4.0,1.7,51.4,127,8601.0,110.0
01.03.1997 00:00,8.3,1.1,8.9,24,14232.0,126.0
01.04.1997 00:00,10.2,-1.1,21.6,64,16316.0,130.0
01.05.1997 00:00,14.9,-0.4,56.0,108,16074.0,117.0
01.06.1997 00:00,17.3,-1.7,68.5,142,10531.0,69.0
01.07.1997 00:00,18.2,-2.4,70.9,115,13268.0,82.0
01.08.1997 00:00,20.4,0.5,48.8,82,15104.0,101.0
01.09.1997 00:00,16.5,0.8,66.2,176,16541.0,133.0
01.10.1997 00:00,9.9,-0.8,44.4,104,10004.0,104.0
01.11.1997 00:00,4.8,-0.2,19.9,39,5743.0,100.0
01.12.1997 00:00,2.5,1.6,63.3,94,3673.0,90.0
01.01.1998 00:00,0.8,0.3,80.8,156,6493.0,116.0
01.02.1998 00:00,3.2,0.9,6.8,17,11723.0,149.0
01.03.1998 00:00,7.1,-0.1,15.9,43,11851.0,105.0
01.04.1998 00:00,9.9,-1.4,44.2,131,9717.0,77.0
01.05.1998 00:00,16.2,0.9,13.6,26,16820.0,122.0
01.06.1998 00:00,18.7,-0.3,55.9,116,14288.0,94.0
01.07.1998 00:00,20.3,-0.3,46.8,76,15314.0,94.0
01.08.1998 00:00,20.0,0.1,13.4,22,15051.0,100.0
01.09.1998 00:00,14.6,-1.1,68.3,182,9888.0,79.0
01.10.1998 00:00,10.0,-0.7,77.7,182,6659.0,70.0
01.11.1998 00:00,1.9,-3.1,45.4,90,6016.0,105.0
01.12.1998 00:00,-0.1,-1.0,17.5,26,4929.0,120.0
01.01.1999 00:00,1.0,0.5,47.1,91,6806.0,121.0
01.02.1999 00:00,-0.6,-2.9,117.6,291,4559.0,58.0
01.03.1999 00:00,6.8,-0.4,25.3,69,10540.0,93.0
01.04.1999 00:00,10.0,-1.3,53.1,158,9966.0,79.0
01.05.1999 00:00,16.7,1.4,86.7,167,11506.0,84.0
01.06.1999 00:00,17.1,-1.9,75.8,157,14828.0,97.0
01.07.1999 00:00,20.5,-0.1,38.4,62,16464.0,101.0
01.08.1999 00:00,19.0,-0.9,103.8,174,12290.0,82.0
01.09.1999 00:00,16.9,1.2,69.1,184,11248.0,90.0
01.10.1999 00:00,10.8,0.1,23.2,54,9416.0,98.0
01.11.1999 00:00,2.7,-2.3,41.0,81,4844.0,85.0
01.12.1999 00:00,0.2,-0.7,105.6,156,3267.0,80.0
01.01.2000 00:00,-2.2,-2.7,19.9,38,6593.0,118.0
01.02.2000 00:00,3.5,1.2,56.5,140,6884.0,88.0
01.03.2000 00:00,7.1,-0.1,21.8,59,11299.0,100.0
01.04.2000 00:00,11.2,-0.1,35.4,105,10653.0,85.0
01.05.2000 00:00,16.8,1.5,13.1,25,13905.0,101.0
01.06.2000 00:00,20.0,1.0,24.5,51,17328.0,114.0
01.07.2000 00:00,17.8,-2.8,89.8,145,13021.0,80.0
01.08.2000 00:00,19.8,-0.1,34.0,57,14688.0,98.0
01.09.2000 00:00,16.2,0.5,37.5,100,14507.0,116.0
01.10.2000 00:00,10.2,-0.5,115.5,270,7294.0,76.0
01.11.2000 00:00,5.5,0.5,57.2,113,4077.0,71.0
01.12.2000 00:00,3.4,2.5,10.6,16,3340.0,81.0
01.01.2001 00:00,1.9,1.4,89.6,173,4885.0,87.0
01.02.2001 00:00,3.7,1.4,19.8,49,7635.0,97.0
01.03.2001 00:00,8.6,1.4,152.1,412,5526.0,49.0
01.04.2001 00:00,8.6,-2.7,60.1,178,9936.0,79.0
01.05.2001 00:00,16.9,1.6,23.5,45,14763.0,107.0
01.06.2001 00:00,17.0,-2.0,101.2,210,16446.0,108.0
01.07.2001 00:00,19.9,-0.7,59.9,97,15387.0,95.0
01.08.2001 00:00,20.1,0.2,59.9,101,15687.0,105.0
01.09.2001 00:00,12.8,-2.9,39.9,106,10447.0,84.0
01.10.2001 00:00,13.1,2.4,8.8,21,12387.0,129.0
01.11.2001 00:00,3.0,-2.0,17.8,35,5594.0,98.0
01.12.2001 00:00,-1.7,-2.6,17.3,26,4901.0,119.0
01.01.2002 00:00,-1.1,-1.6,14.2,27,7750.0,138.0
01.02.2002 00:00,5.1,2.8,51.3,127,5189.0,66.0
01.03.2002 00:00,8.6,1.4,49.7,135,11904.0,106.0
01.04.2002 00:00,11.2,-0.1,24.7,73,12349.0,98.0
01.05.2002 00:00,14.0,-1.3,87.6,168,12509.0,91.0
01.06.2002 00:00,20.3,1.3,59.1,123,17022.0,112.0
01.07.2002 00:00,19.5,-1.1,64.4,104,14877.0,91.0
01.08.2002 00:00,18.5,-1.4,65.8,110,12280.0,82.0
01.09.2002 00:00,14.7,-1.0,32.2,86,11131.0,89.0
01.10.2002 00:00,10.4,-0.3,52.6,123,8501.0,89.0
01.11.2002 00:00,6.4,1.4,137.4,273,4350.0,76.0
01.12.2002 00:00,3.3,2.4,50.7,75,3006.0,73.0
01.01.2003 00:00,0.3,-0.2,46.3,89,5052.0,90.0
01.02.2003 00:00,-0.7,-3.0,18.6,46,10241.0,130.0
01.03.2003 00:00,8.2,1.0,7.0,19,15422.0,137.0
01.04.2003 00:00,11.3,0.0,27.5,82,13704.0,109.0
01.05.2003 00:00,16.3,1.0,27.1,52,13502.0,98.0
01.06.2003 00:00,23.1,4.1,66.6,138,19000.0,125.0
01.07.2003 00:00,21.9,1.3,39.8,64,18142.0,111.0
01.08.2003 00:00,22.5,2.6,75.5,127,17213.0,115.0
01.09.2003 00:00,15.6,-0.1,12.5,33,14072.0,113.0
01.10.2003 00:00,8.3,-2.4,69.1,161,9813.0,102.0
01.11.2003 00:00,6.2,1.2,20.6,41,6769.0,118.0
01.12.2003 00:00,2.1,1.2,16.0,24,5061.0,123.0
01.01.2004 00:00,1.3,0.8,122.6,237,3309.0,59.0
01.02.2004 00:00,2.6,0.3,6.9,17,9334.0,119.0
01.03.2004 00:00,6.2,-1.0,11.5,31,11744.0,104.0
01.04.2004 00:00,11.1,-0.2,10.3,31,11807.0,94.0
01.05.2004 00:00,14.3,-1.0,30.5,59,14785.0,107.0
01.06.2004 00:00,18.7,-0.3,53.9,112,14788.0,97.0
01.07.2004 00:00,19.9,-0.7,34.0,55,15866.0,98.0
01.08.2004 00:00,19.7,-0.2,89.8,151,14928.0,100.0
01.09.2004 00:00,16.5,0.8,10.9,29,14507.0,116.0
01.10.2004 00:00,12.0,1.3,44.0,103,7816.0,82.0
01.11.2004 00:00,3.5,-1.5,20.4,40,6704.0,117.0
01.12.2004 00:00,-0.8,-1.7,42.2,62,5815.0,142.0
01.01.2005 00:00,-2.1,-2.6,36.5,70,7402.0,132.0
01.02.2005 00:00,-1.4,-3.7,24.9,62,8871.0,113.0
01.03.2005 00:00,6.8,-0.4,13.9,38,12891.0,114.0
01.04.2005 00:00,10.6,-0.7,69.2,205,10970.0,87.0
01.05.2005 00:00,15.8,0.5,36.1,69,14934.0,109.0
01.06.2005 00:00,20.3,1.3,49.3,102,18073.0,118.0
01.07.2005 00:00,20.3,-0.3,55.0,89,15411.0,95.0
01.08.2005 00:00,17.7,-2.2,82.1,138,12326.0,82.0
01.09.2005 00:00,16.6,0.9,34.3,91,11592.0,93.0
01.10.2005 00:00,11.0,0.3,24.5,57,11194.0,117.0
01.11.2005 00:00,3.5,-1.5,7.6,15,7946.0,139.0
01.12.2005 00:00,-2.1,-3.0,66.2,98,3569.0,87.0
01.01.2006 00:00,-2.2,-2.7,9.8,19,7247.0,129.0
01.02.2006 00:00,1.1,-1.2,57.0,141,6647.0,85.0
01.03.2006 00:00,4.5,-2.7,128.8,349,9234.0,82.0
01.04.2006 00:00,10.8,-0.5,68.8,204,11696.0,93.0
01.05.2006 00:00,14.9,-0.4,58.0,112,11908.0,87.0
01.06.2006 00:00,19.5,0.5,29.6,61,18010.0,118.0
01.07.2006 00:00,23.3,2.7,37.9,61,18561.0,114.0
01.08.2006 00:00,16.8,-3.1,84.1,141,11832.0,79.0
01.09.2006 00:00,17.9,2.2,26.4,70,11916.0,96.0
01.10.2006 00:00,12.8,2.1,36.6,86,10636.0,111.0
01.11.2006 00:00,6.4,1.4,35.0,69,6771.0,118.0
01.12.2006 00:00,1.3,0.4,32.4,48,5571.0,136.0
01.01.2007 00:00,3.0,2.5,61.5,119,5347.0,95.0
01.02.2007 00:00,4.3,2.0,64.5,160,6940.0,88.0
01.03.2007 00:00,7.2,0.0,40.1,109,11729.0,104.0
01.04.2007 00:00,15.2,3.9,1.4,4,17952.0,143.0
01.05.2007 00:00,15.5,0.2,102.6,197,11079.0,81.0
01.06.2007 00:00,18.6,-0.4,89.1,185,14121.0,93.0
01.07.2007 00:00,19.2,-1.4,153.6,248,15638.0,96.0
01.08.2007 00:00,18.6,-1.3,107.2,180,13226.0,88.0
01.09.2007 00:00,14.5,-1.2,20.7,55,14039.0,113.0
01.10.2007 00:00,9.9,-0.8,21.1,49,12944.0,135.0
01.11.2007 00:00,3.6,-1.4,15.6,31,7182.0,125.0
01.12.2007 00:00,0.1,-0.8,80.0,118,5199.0,127.0
01.01.2008 00:00,2.5,2.0,53.1,103,6454.0,115.0
01.02.2008 00:00,4.0,1.7,8.4,21,10819.0,138.0
01.03.2008 00:00,6.4,-0.8,51.1,138,9490.0,84.0
01.04.2008 00:00,10.2,-1.1,27.9,83,11852.0,94.0
01.05.2008 00:00,16.9,1.6,8.8,17,13986.0,102.0
01.06.2008 00:00,19.2,0.2,45.9,95,13555.0,89.0
01.07.2008 00:00,20.1,-0.5,61.1,99,16598.0,102.0
01.08.2008 00:00,19.6,-0.3,59.5,100,15287.0,102.0
01.09.2008 00:00,14.7,-1.0,56.3,150,12806.0,103.0
01.10.2008 00:00,10.7,0.0,43.7,102,9548.0,100.0
01.11.2008 00:00,4.4,-0.6,72.6,144,5634.0,98.0
01.12.2008 00:00,0.3,-0.6,72.9,108,3810.0,93.0
01.01.2009 00:00,-2.7,-3.2,56.2,108,7099.0,127.0
01.02.2009 00:00,1.0,-1.3,27.9,69,6986.0,89.0
01.03.2009 00:00,5.9,-1.3,23.4,63,10141.0,90.0
01.04.2009 00:00,12.4,1.1,36.8,109,13197.0,105.0
01.05.2009 00:00,16.4,1.1,24.5,47,13624.0,99.0
01.06.2009 00:00,18.4,-0.6,40.6,84,15656.0,103.0
01.07.2009 00:00,20.5,-0.1,85.3,138,15721.0,97.0
01.08.2009 00:00,21.6,1.7,16.4,28,17942.0,120.0
01.09.2009 00:00,16.8,1.1,17.3,46,14145.0,113.0
01.10.2009 00:00,10.3,-0.4,11.7,27,10898.0,114.0
01.11.2009 00:00,6.7,1.7,68.3,136,4088.0,71.0
01.12.2009 00:00,1.0,0.1,107.6,159,2560.0,62.0
01.01.2010 00:00,-1.5,-2.0,11.1,21,4893.0,87.0
01.02.2010 00:00,1.5,-0.8,29.2,72,6810.0,87.0
01.03.2010 00:00,6.1,-1.1,28.6,78,10540.0,93.0
01.04.2010 00:00,11.8,0.5,6.4,19,15021.0,119.0
01.05.2010 00:00,14.0,-1.3,121.0,233,11009.0,80.0
01.06.2010 00:00,18.9,-0.1,20.4,42,14315.0,94.0
01.07.2010 00:00,21.8,1.2,73.1,118,18056.0,111.0
01.08.2010 00:00,18.5,-1.4,45.6,77,12625.0,84.0
01.09.2010 00:00,14.8,-0.9,21.7,58,12465.0,100.0
01.10.2010 00:00,10.3,-0.4,16.7,39,9140.0,95.0
01.11.2010 00:00,5.5,0.5,36.9,73,4800.0,84.0
01.12.2010 00:00,-0.6,-1.5,69.3,102,3717.0,91.0
01.01.2011 00:00,0.1,-0.4,24.5,47,7485.0,134.0
01.02.2011 00:00,2.7,0.4,6.6,16,8514.0,108.0
01.03.2011 00:00,7.7,0.5,12.1,33,13221.0,117.0
01.04.2011 00:00,14.0,2.7,5.0,15,16768.0,133.0
01.05.2011 00:00,16.8,1.5,46.1,89,16531.0,120.0
01.06.2011 00:00,18.4,-0.6,43.1,89,13956.0,92.0
01.07.2011 00:00,18.2,-2.4,68.8,111,14508.0,89.0
01.08.2011 00:00,20.6,0.7,25.2,42,16764.0,112.0
01.09.2011 00:00,17.4,1.7,39.8,106,13890.0,111.0
01.10.2011 00:00,10.0,-0.7,34.6,81,12424.0,130.0
01.11.2011 00:00,5.0,0.0,0.1,0,8783.0,153.0
01.12.2011 00:00,1.9,1.0,178.6,264,2748.0,67.0
01.01.2012 00:00,1.4,0.9,56.6,109,4341.0,77.0
01.02.2012 00:00,-1.9,-4.2,0.0,0,10414.0,133.0
01.03.2012 00:00,8.9,1.7,5.6,15,15650.0,139.0
01.04.2012 00:00,10.7,-0.6,55.9,166,9085.0,72.0
01.05.2012 00:00,15.9,0.6,46.6,90,15025.0,109.0
01.06.2012 00:00,19.6,0.6,37.6,78,14618.0,96.0
01.07.2012 00:00,19.9,-0.7,50.3,81,17010.0,105.0
01.08.2012 00:00,20.9,1.0,66.2,111,16630.0,111.0
01.09.2012 00:00,15.5,-0.2,50.7,135,12240.0,98.0
01.10.2012 00:00,11.1,0.4,39.1,91,8900.0,93.0
01.11.2012 00:00,6.2,1.2,53.9,107,6183.0,108.0
01.12.2012 00:00,0.6,-0.3,152.2,225,2618.0,64.0
01.01.2013 00:00,0.8,0.3,21.8,42,5202.0,93.0
01.02.2013 00:00,0.2,-2.1,58.0,144,8297.0,106.0
01.03.2013 00:00,5.4,-1.8,29.5,80,8202.0,73.0
01.04.2013 00:00,11.0,-0.3,45.9,136,11527.0,92.0
01.05.2013 00:00,12.6,-2.7,86.0,165,10084.0,73.0
01.06.2013 00:00,17.8,-1.2,19.8,41,14997.0,98.0
01.07.2013 00:00,21.5,0.9,51.5,83,17580.0,108.0
01.08.2013 00:00,20.1,0.2,30.8,52,17478.0,117.0
01.09.2013 00:00,15.9,0.2,44.9,119,12588.0,101.0
01.10.2013 00:00,12.3,1.6,66.4,155,8088.0,84.0
01.11.2013 00:00,3.6,-1.4,96.3,191,4457.0,78.0
01.12.2013 00:00,0.5,-0.4,16.8,25,5509.0,134.0
01.01.2014 00:00,2.5,2.0,42.1,81,3708.0,66.0
01.02.2014 00:00,4.0,1.7,79.1,196,5792.0,74.0
01.03.2014 00:00,8.2,1.0,4.8,13,14127.0,125.0
01.04.2014 00:00,12.6,1.3,28.6,85,12944.0,103.0
01.05.2014 00:00,14.3,-1.0,34.4,66,12732.0,93.0
01.06.2014 00:00,19.7,0.7,17.3,36,15978.0,105.0
01.07.2014 00:00,18.9,-1.7,105.7,171,10209.0,63.0
01.08.2014 00:00,18.0,-1.9,87.1,146,13006.0,87.0
01.09.2014 00:00,16.5,0.8,15.0,40,13363.0,107.0
01.10.2014 00:00,12.6,1.9,29.4,69,10596.0,111.0
01.11.2014 00:00,7.9,2.9,45.4,90,5347.0,93.0
01.12.2014 00:00,2.7,1.8,40.8,60,3491.0,85.0
01.01.2015 00:00,1.3,0.8,55.5,107,3942.0,70.0
01.02.2015 00:00,1.1,-1.2,10.3,25,7221.0,92.0
01.03.2015 00:00,7.7,0.5,63.1,171,11048.0,98.0
01.04.2015 00:00,12.0,0.7,20.4,61,13741.0,109.0
01.05.2015 00:00,15.4,0.1,114.5,220,14181.0,103.0
01.06.2015 00:00,20.2,1.2,34.6,72,16414.0,108.0
01.07.2015 00:00,23.6,3.0,40.0,65,19170.0,118.0
01.08.2015 00:00,20.5,0.6,73.1,123,14274.0,95.0
01.09.2015 00:00,14.5,-1.2,13.3,35,12118.0,97.0
01.10.2015 00:00,10.1,-0.6,29.3,68,9784.0,102.0
01.11.2015 00:00,5.7,0.7,42.1,84,7263.0,127.0
01.12.2015 00:00,2.2,1.3,3.9,6,5799.0,141.0
01.01.2016 00:00,2.2,1.7,127.3,246,3733.0,67.0
01.02.2016 00:00,4.2,1.9,87.3,216,4764.0,61.0
01.03.2016 00:00,6.4,-0.8,18.1,49,12156.0,108.0
01.04.2016 00:00,11.1,-0.2,39.4,117,10041.0,80.0
01.05.2016 00:00,14.5,-0.8,75.1,144,13047.0,95.0
01.06.2016 00:00,18.3,-0.7,44.4,92,12589.0,83.0
01.07.2016 00:00,21.1,0.5,46.6,75,17476.0,107.0
01.08.2016 00:00,20.6,0.7,26.6,45,17355.0,116.0
01.09.2016 00:00,18.0,2.3,14.2,38,12946.0,104.0
01.10.2016 00:00,9.7,-1.0,32.3,75,9845.0,103.0
01.11.2016 00:00,5.7,0.7,75.2,149,4527.0,79.0
01.12.2016 00:00,-0.7,-1.6,0.0,0,6680.0,163.0
01.01.2017 00:00,-2.4,-2.9,31.5,61,4867.0,87.0
01.02.2017 00:00,5.1,2.8,39.3,97,8362.0,107.0
01.03.2017 00:00,9.5,2.3,61.6,167,11019.0,98.0
01.04.2017 00:00,11.4,0.1,20.8,62,15600.0,124.0
01.05.2017 00:00,16.2,0.9,43.9,84,14973.0,109.0
01.06.2017 00:00,21.3,2.3,67.8,141,16632.0,109.0
01.07.2017 00:00,21.7,1.1,50.6,82,15862.0,97.0
01.08.2017 00:00,20.9,1.0,69.6,117,15098.0,101.0
01.09.2017 00:00,14.4,-1.3,10.8,29,11787.0,95.0
01.10.2017 00:00,11.4,0.7,12.2,29,11332.0,118.0
01.11.2017 00:00,4.0,-1.0,43.3,86,5029.0,88.0
01.12.2017 00:00,-0.6,-1.5,113.9,168,3278.0,80.0
01.01.2018 00:00,3.8,3.3,197.0,380,4220.0,75.0
01.02.2018 00:00,0.6,-1.7,29.9,74,7085.0,90.0
01.03.2018 00:00,5.8,-1.4,30.8,83,7892.0,70.0
01.04.2018 00:00,14.1,2.8,29.3,87,14879.0,118.0
01.05.2018 00:00,16.6,1.3,36.8,71,12732.0,93.0
01.06.2018 00:00,20.7,1.7,25.8,54,17546.0,115.0
01.07.2018 00:00,22.9,2.3,25.0,40,19101.0,117.0
01.08.2018 00:00,21.4,1.5,82.3,138,16345.0,109.0
01.09.2018 00:00,18.3,2.6,20.4,54,15113.0,121.0
01.10.2018 00:00,12.0,1.3,38.1,89,12008.0,125.0
01.11.2018 00:00,6.6,1.6,7.0,14,5995.0,105.0
01.12.2018 00:00,2.9,2.0,110.7,164,3324.0,81.0
01.01.2019 00:00,-0.1,-0.6,25.1,48,5079.0,91.0
01.02.2019 00:00,3.9,1.6,17.0,42,10512.0,134.0
01.03.2019 00:00,7.8,0.6,37.4,101,12025.0,107.0
01.04.2019 00:00,11.2,-0.1,28.2,84,12116.0,96.0
01.05.2019 00:00,13.1,-2.2,51.0,98,12929.0,94.0
01.06.2019 00:00,20.8,1.8,52.8,110,17320.0,114.0
01.07.2019 00:00,22.6,2.0,76.1,123,17892.0,110.0
01.08.2019 00:00,20.6,0.7,82.1,138,15867.0,106.0
01.09.2019 00:00,17.0,1.3,4.9,13,12870.0,103.0
01.10.2019 00:00,12.5,1.8,47.9,112,7607.0,79.0
01.11.2019 00:00,5.6,0.6,78.2,155,3360.0,59.0
01.12.2019 00:00,3.3,2.4,106.8,158,3880.0,95.0
01.01.2020 00:00,1.3,0.8,24.2,47,6463.0,115.0
01.02.2020 00:00,5.6,3.3,78.6,195,6972.0,89.0
01.03.2020 00:00,7.2,0.0,64.2,174,12872.0,114.0
01.04.2020 00:00,13.8,2.5,23.1,69,15807.0,125.0
01.05.2020 00:00,16.2,0.9,47.4,91,15902.0,116.0
01.06.2020 00:00,18.2,-0.8,46.9,97,13530.0,89.0
01.07.2020 00:00,21.5,0.9,39.7,64,19102.0,117.0
01.08.2020 00:00,20.5,0.6,80.5,135,15299.0,102.0
01.09.2020 00:00,16.7,1.0,35.2,94,13320.0,107.0
01.10.2020 00:00,9.7,-1.0,66.8,156,7539.0,79.0
01.11.2020 00:00,5.4,0.4,4.6,9,7183.0,125.0
01.12.2020 00:00,1.9,1.0,33.8,50,2730.0,67.0
01.01.2021 00:00,0.1,-0.4,100.1,193,3381.0,60.0
01.02.2021 00:00,5.4,3.1,30.8,76,7399.0,94.0
01.03.2021 00:00,7.2,0.0,31.8,86,13151.0,117.0
01.04.2021 00:00,10.0,-1.3,19.5,58,14761.0,117.0
01.05.2021 00:00,12.3,-3.0,107.6,207,11899.0,87.0
01.06.2021 00:00,20.4,1.4,42.7,89,15001.0,98.0
01.07.2021 00:00,19.3,-1.3,133.9,216,13692.0,84.0
01.08.2021 00:00,18.9,-1.0,41.4,69,16901.0,113.0
01.09.2021 00:00,17.0,1.3,50.5,134,13250.0,106.0
01.10.2021 00:00,10.0,-0.7,17.6,41,12456.0,130.0
01.11.2021 00:00,4.3,-0.7,15.7,31,5260.0,92.0
01.12.2021 00:00,-0.9,-1.8,104.1,154,3696.0,90.0
01.01.2022 00:00,-0.5,-1.0,11.7,23,6611.0,118.0
01.02.2022 00:00,4.1,1.8,25.8,64,8398.0,107.0
01.03.2022 00:00,8.0,0.8,6.5,18,13877.0,123.0
01.04.2022 00:00,11.0,-0.3,27.5,82,13305.0,106.0
01.05.2022 00:00,18.0,2.7,30.5,59,17059.0,124.0
01.06.2022 00:00,21.2,2.2,52.3,109,16052.0,105.0
01.07.2022 00:00,23.6,3.0,29.4,47,21513.0,132.0
01.08.2022 00:00,22.0,2.1,36.4,61,16874.0,113.0
01.09.2022 00:00,15.9,0.2,46.0,122,11938.0,96.0
01.10.2022 00:00,13.8,3.1,77.7,182,9930.0,104.0
01.11.2022 00:00,6.4,1.4,52.0,103,5136.0,90.0
01.12.2022 00:00,2.7,1.8,90.3,133,3330.0,81.0
01.01.2023 00:00,0.2,-0.3,46.2,89,4862.0,87.0
01.02.2023 00:00,3.7,1.4,0.1,0,11158.0,142.0
01.03.2023 00:00,7.6,0.4,123.8,336,9816.0,87.0
01.04.2023 00:00,10.3,-1.0,67.8,201,10122.0,80.0
01.05.2023 00:00,15.9,0.6,23.6,45,13996.0,102.0
01.06.2023 00:00,21.0,2.0,35.7,74,17071.0,112.0
01.07.2023 00:00,22.0,1.4,78.4,127,16951.0,104.0
01.08.2023 00:00,21.4,1.5,58.4,98,14500.0,97.0
01.09.2023 00:00,19.0,3.3,35.7,95,15429.0,124.0
01.10.2023 00:00,13.0,2.3,47.5,111,10211.0,107.0
01.11.2023 00:00,4.9,-0.1,186.1,369,3226.0,56.0
01.12.2023 00:00,2.7,1.8,118.8,175,3571.0,87.0
01.01.2024 00:00,2.7,2.2,52.4,101,4079.0,73.0
01.02.2024 00:00,6.7,4.4,42.3,105,7124.0,91.0
01.03.2024 00:00,9.0,1.8,49.0,133,8398.0,74.0
01.04.2024 00:00,11.3,0.0,12.1,36,10849.0,86.0
01.05.2024 00:00,14.8,-0.5,74.9,144,10509.0,76.0
01.06.2024 00:00,19.0,0.0,47.7,99,11974.0,79.0
01.07.2024 00:00,21.7,1.1,58.6,95,17584.0,108.0
01.08.2024 00:00,22.1,2.2,28.1,47,18398.0,123.0
01.09.2024 00:00,15.0,-0.7,70.0,186,9249.0,74.0
01.10.2024 00:00,12.2,1.5,76.7,179,7845.0,82.0
01.11.2024 00:00,4.6,-0.4,71.7,142,7337.0,128.0
01.12.2024 00:00,1.1,0.2,51.6,76,4563.0,111.0
01.01.2025 00:00,2.1,1.6,77.1,149,5010.0,89.0
